t,step,sym,C,E,rnorm,purity,S,detg,det_thr,reso_hit_freq,reso_hit_mag,ew_varE,ew_ac1E,ew_dS,harm_sub_power,harm_fund_power,harm_2f_power,harm_3f_power
0.000000,0,^,0.100000,0.019858,0.800985,0.820789,0.323999,,,,,0.000000,0.000000,0.000000,0.000000,0.000000,0.000000,0.000000
0.070922,1,^,0.100986,0.039716,0.801972,0.821579,0.322911,,,,,0.000000,0.000000,-0.001088,0.000000,0.000000,0.000000,0.000000
0.141844,2,^,0.102958,0.059526,0.802959,0.822372,0.321820,,,,,0.000262,1.000000,-0.001092,0.000000,0.000000,0.000000,0.000000
0.212766,3,^,0.105913,0.079237,0.803948,0.823166,0.320724,,,,,0.000490,1.000000,-0.001096,0.000000,0.000000,0.000000,0.000000
0.283688,4,^,0.109847,0.098801,0.804938,0.823963,0.319623,,,,,0.000779,0.999999,-0.001100,0.000000,0.000000,0.000000,0.000000
0.354610,5,^,0.114752,0.118171,0.805930,0.824761,0.318519,,,,,0.001129,0.999999,-0.001104,0.000000,0.000000,0.000000,0.000000
0.425532,6,^,0.120618,0.137297,0.806922,0.825562,0.317411,,,,,0.001535,0.999998,-0.001108,0.000000,0.000000,0.000000,0.000000
0.496454,7,^,0.127434,0.156131,0.807916,0.826364,0.316298,,,,,0.001995,0.999998,-0.001113,0.000000,0.000000,0.000000,0.000000
0.567376,8,^,0.135186,0.174627,0.808911,0.827169,0.315181,,,,,0.002504,0.999997,-0.001117,0.000000,0.000000,0.000000,0.000000
0.638298,9,^,0.143855,0.192739,0.809907,0.827975,0.314060,,,,,0.003059,0.999996,-0.001121,0.000000,0.000000,0.000000,0.000000
0.709220,10,^,0.153424,0.210420,0.810905,0.828783,0.312935,,,,,0.003654,0.999994,-0.001125,0.000000,0.000000,0.000000,0.000000
0.780142,11,^,0.163870,0.227626,0.811904,0.829594,0.311805,,,,,0.004285,0.999993,-0.001130,0.000000,0.000000,0.000000,0.000000
0.851064,12,^,0.175170,0.244313,0.812903,0.830406,0.310671,,,,,0.004947,0.999991,-0.001134,0.000000,0.000000,0.000000,0.000000
0.921986,13,^,0.187299,0.260439,0.813905,0.831220,0.309533,,,,,0.005633,0.999989,-0.001138,0.000000,0.000000,0.000000,0.000000
0.992908,14,^,0.200229,0.275963,0.814907,0.832037,0.308390,,,,,0.006337,0.999987,-0.001143,0.000000,0.000000,0.000000,0.000000
1.063830,15,^,0.213929,0.290846,0.815911,0.832855,0.307243,,,,,0.007055,0.999984,-0.001147,0.000000,0.000000,0.000000,0.000000
1.134752,16,^,0.228369,0.305048,0.816915,0.833675,0.306092,,,,,0.007779,0.999982,-0.001152,0.000000,0.000000,0.000000,0.000000
1.205674,17,^,0.243513,0.318533,0.817922,0.834498,0.304936,,,,,0.008504,0.999978,-0.001156,0.000000,0.000000,0.000000,0.000000
1.276596,18,^,0.259326,0.331266,0.818929,0.835322,0.303775,,,,,0.009223,0.999974,-0.001160,0.000000,0.000000,0.000000,0.000000
1.347518,19,^,0.275772,0.343215,0.819937,0.836149,0.302610,,,,,0.009931,0.999970,-0.001165,0.000000,0.000000,0.000000,0.000000
1.418440,20,^,0.292811,0.354346,0.820947,0.836977,0.301441,,,,,0.010621,0.999964,-0.001170,0.000000,0.000000,0.000000,0.000000
1.489362,21,^,0.310403,0.364632,0.821958,0.837808,0.300267,,,,,0.011288,0.999958,-0.001174,0.000000,0.000000,0.000000,0.000000
1.560284,22,^,0.328505,0.374045,0.822971,0.838640,0.299088,,,,,0.011927,0.999951,-0.001179,0.000000,0.000000,0.000000,0.000000
1.631206,23,^,0.347075,0.382559,0.823984,0.839475,0.297904,,,,,0.012533,0.999943,-0.001183,0.000000,0.000000,0.000000,0.000000
1.702128,24,^,0.366067,0.390151,0.824999,0.840312,0.296716,,,,,0.013101,0.999934,-0.001188,0.000000,0.000000,0.000000,0.000000
1.773050,25,^,0.385436,0.396800,0.826015,0.841150,0.295524,,,,,0.013626,0.999923,-0.001193,0.000000,0.000000,0.000000,0.000000
1.843972,26,^,0.405136,0.402488,0.827032,0.841991,0.294326,,,,,0.014105,0.999910,-0.001197,0.000000,0.000000,0.000000,0.000000
1.914894,27,^,0.425117,0.407197,0.828051,0.842834,0.293124,,,,,0.014535,0.999896,-0.001202,0.000000,0.000000,0.000000,0.000000
1.985816,28,^,0.445333,0.410915,0.829071,0.843679,0.291917,,,,,0.014913,0.999878,-0.001207,0.000000,0.000000,0.000000,0.000000
2.056738,29,^,0.465733,0.413629,0.830092,0.844526,0.290705,,,,,0.015237,0.999858,-0.001212,0.000000,0.000000,0.000000,0.000000
2.127660,30,^,0.486268,0.415330,0.831114,0.845375,0.289489,,,,,0.015505,0.999834,-0.001217,0.000000,0.000000,0.000000,0.000000
2.198582,31,^,0.506887,0.416012,0.832138,0.846227,0.288267,,,,,0.015716,0.999807,-0.001222,0.000000,0.000000,0.000000,0.000000
2.269504,32,^,0.527540,0.415670,0.833162,0.847080,0.287041,,,,,0.015871,0.999774,-0.001226,0.000000,0.000000,0.000000,0.000000
2.340426,33,^,0.548176,0.414303,0.834189,0.847935,0.285809,,,,,0.015970,0.999735,-0.001231,0.000000,0.000000,0.000000,0.000000
2.411348,34,^,0.568744,0.411911,0.835216,0.848793,0.284573,,,,,0.016013,0.999689,-0.001236,0.000000,0.000000,0.000000,0.000000
2.482270,35,^,0.589194,0.408498,0.836245,0.849652,0.283332,,,,,0.016004,0.999635,-0.001241,0.000000,0.000000,0.000000,0.000000
2.553191,36,^,0.609474,0.404070,0.837274,0.850514,0.282085,,,,,0.015944,0.999571,-0.001246,0.000000,0.000000,0.000000,0.000000
2.624113,37,^,0.629534,0.398635,0.838306,0.851378,0.280834,,,,,0.015836,0.999495,-0.001252,0.000000,0.000000,0.000000,0.000000
2.695035,38,^,0.649324,0.392204,0.839338,0.852244,0.279577,,,,,0.015685,0.999405,-0.001257,0.000000,0.000000,0.000000,0.000000
2.765957,39,^,0.668796,0.384791,0.840372,0.853112,0.278315,,,,,0.015495,0.999298,-0.001262,0.000000,0.000000,0.000000,0.000000
2.836879,40,^,0.687899,0.376411,0.841407,0.853983,0.277048,,,,,0.015271,0.999172,-0.001267,0.000000,0.000000,0.000000,0.000000
2.907801,41,^,0.706586,0.367083,0.842443,0.854855,0.275776,,,,,0.015018,0.999022,-0.001272,0.000000,0.000000,0.000000,0.000000
2.978723,42,^,0.724810,0.356827,0.843481,0.855730,0.274498,,,,,0.014743,0.998846,-0.001278,0.000000,0.000000,0.000000,0.000000
3.049645,43,^,0.742524,0.345666,0.844519,0.856606,0.273215,,,,,0.014452,0.998638,-0.001283,0.000000,0.000000,0.000000,0.000000
3.120567,44,^,0.759685,0.333626,0.845559,0.857485,0.271927,,,,,0.014153,0.998396,-0.001288,0.000000,0.000000,0.000000,0.000000
3.191489,45,^,0.776248,0.320734,0.846601,0.858366,0.270634,,,,,0.013852,0.998114,-0.001294,0.000000,0.000000,0.000000,0.000000
3.262411,46,^,0.792171,0.307019,0.847643,0.859250,0.269335,,,,,0.013558,0.997790,-0.001299,0.000000,0.000000,0.000000,0.000000
3.333333,47,^,0.807413,0.292514,0.848687,0.860135,0.268030,,,,,0.013277,0.997420,-0.001304,0.000000,0.000000,0.000000,0.000000
3.404255,48,^,0.821935,0.277253,0.849733,0.861023,0.266720,,,,,0.013020,0.997006,-0.001310,0.000000,0.000000,0.000000,0.000000
3.475177,49,^,0.835700,0.261270,0.850779,0.861913,0.265405,,,,,0.012793,0.996549,-0.001316,0.000000,0.000000,0.000000,0.000000
3.546099,50,^,0.848670,0.244604,0.851827,0.862805,0.264084,,,,,0.012604,0.996054,-0.001321,0.000000,0.000000,0.000000,0.000000
3.617021,51,^,0.860814,0.227294,0.852876,0.863699,0.262757,,,,,0.012463,0.995534,-0.001327,0.000000,0.000000,0.000000,0.000000
3.687943,52,^,0.872098,0.209382,0.853926,0.864595,0.261424,,,,,0.012377,0.995002,-0.001332,0.000000,0.000000,0.000000,0.000000
3.758865,53,^,0.882493,0.190909,0.854978,0.865494,0.260086,,,,,0.012354,0.994478,-0.001338,0.000000,0.000000,0.000000,0.000000
3.829787,54,^,0.891971,0.171920,0.856031,0.866395,0.258742,,,,,0.012401,0.993986,-0.001344,0.000000,0.000000,0.000000,0.000000
3.900709,55,^,0.900506,0.152460,0.857085,0.867298,0.257392,,,,,0.012527,0.993548,-0.001350,0.000000,0.000000,0.000000,0.000000
3.971631,56,^,0.908075,0.132577,0.858141,0.868203,0.256037,,,,,0.012738,0.993189,-0.001356,0.000000,0.000000,0.000000,0.000000
4.042553,57,^,0.914656,0.112318,0.859198,0.869110,0.254675,,,,,0.013041,0.992926,-0.001362,0.000000,0.000000,0.000000,0.000000
4.113475,58,^,0.920232,0.091732,0.860256,0.870020,0.253308,,,,,0.013441,0.992771,-0.001367,0.000000,0.000000,0.000000,0.000000
4.184397,59,^,0.924786,0.070869,0.861315,0.870932,0.251934,,,,,0.013945,0.992728,-0.001373,0.000000,0.000000,0.000000,0.000000
4.255319,60,^,0.928305,0.049781,0.862376,0.871846,0.250555,,,,,0.014556,0.992794,-0.001380,0.000000,0.000000,0.000000,0.000000
4.326241,61,^,0.930776,0.028517,0.863438,0.872763,0.249169,,,,,0.015281,0.992957,-0.001386,0.000000,0.000000,0.000000,0.000000
4.397163,62,^,0.932192,0.007131,0.864502,0.873682,0.247778,,,,,0.016120,0.993201,-0.001392,0.000000,0.000000,0.000000,0.000000
4.468085,63,^,0.932546,0.014325,0.865566,0.874603,0.246380,,,,,0.016844,0.993613,-0.001398,0.000000,0.000000,0.000000,0.000000
4.539007,64,^,0.931835,0.035799,0.866632,0.875526,0.244975,9.053342295916e-09,1.000000000000e-06,,,0.016727,0.993594,-0.001404,0.000000,0.000000,0.000000,0.000000
4.609929,65,^,0.930058,0.057238,0.867700,0.876451,0.243565,9.325728124337e-09,1.000000000000e-06,,,0.016610,0.993569,-0.001411,0.000000,0.000000,0.000000,0.000000
4.680851,66,^,0.927216,0.078588,0.868768,0.877379,0.242148,9.768135199447e-09,1.000000000000e-06,,,0.016495,0.993540,-0.001417,0.000000,0.000000,0.000000,0.000000
4.751773,67,^,0.923314,0.099797,0.869838,0.878309,0.240725,1.037314239704e-08,1.000000000000e-06,,,0.016383,0.993507,-0.001423,0.000000,0.000000,0.000000,0.000000
4.822695,68,^,0.918360,0.120813,0.870909,0.879242,0.239295,1.112931866175e-08,1.000000000000e-06,,,0.016277,0.993471,-0.001430,0.000000,0.000000,0.000000,0.000000
4.893617,69,^,0.912362,0.141582,0.871982,0.880176,0.237859,1.202161527189e-08,1.000000000000e-06,,,0.016179,0.993433,-0.001436,0.000000,0.000000,0.000000,0.000000
4.964539,70,^,0.905333,0.162054,0.873056,0.881113,0.236416,1.303187983438e-08,1.000000000000e-06,,,0.016091,0.993394,-0.001443,0.000000,0.000000,0.000000,0.000000
5.035461,71,^,0.897288,0.182177,0.874131,0.882053,0.234966,1.413947298774e-08,1.000000000000e-06,,,0.016013,0.993355,-0.001449,0.000000,0.000000,0.000000,0.000000
5.106383,72,^,0.888244,0.201901,0.875208,0.882994,0.233510,1.532196480309e-08,1.000000000000e-06,,,0.015947,0.993316,-0.001456,0.000000,0.000000,0.000000,0.000000
5.177305,73,^,0.878220,0.221175,0.876286,0.883938,0.232047,1.655588475470e-08,1.000000000000e-06,,,0.015895,0.993280,-0.001463,0.000000,0.000000,0.000000,0.000000
5.248227,74,^,0.867240,0.239952,0.877365,0.884885,0.230578,1.781749701135e-08,1.000000000000e-06,,,0.015858,0.993246,-0.001470,0.000000,0.000000,0.000000,0.000000
5.319149,75,^,0.855327,0.258184,0.878445,0.885833,0.229101,1.908357176847e-08,1.000000000000e-06,,,0.015835,0.993215,-0.001477,0.000000,0.000000,0.000000,0.000000
5.390071,76,^,0.842510,0.275824,0.879527,0.886784,0.227617,2.033212344867e-08,1.000000000000e-06,,,0.015828,0.993189,-0.001484,0.000000,0.000000,0.000000,0.000000
5.460993,77,^,0.828816,0.292828,0.880610,0.887737,0.226127,2.154308784739e-08,1.000000000000e-06,,,0.015838,0.993168,-0.001491,0.000000,0.000000,0.000000,0.000000
5.531915,78,^,0.814279,0.309153,0.881695,0.888693,0.224629,2.269891265296e-08,1.000000000000e-06,,,0.015863,0.993152,-0.001498,0.000000,0.000000,0.000000,0.000000
5.602837,79,^,0.798931,0.324755,0.882781,0.889651,0.223124,2.378503913936e-08,1.000000000000e-06,,,0.015905,0.993142,-0.001505,0.000000,0.000000,0.000000,0.000000
5.673759,80,^,0.782808,0.339596,0.883868,0.890611,0.221612,2.479025709278e-08,1.000000000000e-06,,,0.015962,0.993139,-0.001512,0.000000,0.000000,0.000000,0.000000
5.744681,81,^,0.765949,0.353636,0.884957,0.891574,0.220093,2.570692002613e-08,1.000000000000e-06,,,0.016035,0.993143,-0.001519,0.000000,0.000000,0.000000,0.000000
5.815603,82,^,0.748392,0.366839,0.886047,0.892539,0.218567,2.653101326840e-08,1.000000000000e-06,,,0.016123,0.993153,-0.001527,0.000000,0.000000,0.000000,0.000000
5.886525,83,^,0.730181,0.379170,0.887138,0.893507,0.217033,2.726207337302e-08,1.000000000000e-06,,,0.016225,0.993170,-0.001534,0.000000,0.000000,0.000000,0.000000
5.957447,84,^,0.711357,0.390598,0.888230,0.894477,0.215491,2.790296324126e-08,1.000000000000e-06,,,0.016339,0.993194,-0.001542,0.000000,0.000000,0.000000,0.000000
6.028369,85,^,0.691965,0.401091,0.889324,0.895449,0.213942,2.845951316876e-08,1.000000000000e-06,,,0.016466,0.993224,-0.001549,0.000000,0.000000,0.000000,0.000000
6.099291,86,^,0.672053,0.410621,0.890420,0.896423,0.212385,2.894004346272e-08,1.000000000000e-06,,,0.016603,0.993260,-0.001557,0.000000,0.000000,0.000000,0.000000
6.170213,87,^,0.651667,0.419163,0.891516,0.897401,0.210821,2.935478912536e-08,1.000000000000e-06,,,0.016749,0.993302,-0.001564,0.000000,0.000000,0.000000,0.000000
6.241135,88,^,0.630858,0.426692,0.892614,0.898380,0.209249,2.971525115852e-08,1.000000000000e-06,,,0.016903,0.993348,-0.001572,0.000000,0.000000,0.000000,0.000000
6.312057,89,^,0.609675,0.433189,0.893713,0.899362,0.207668,3.003350214536e-08,1.000000000000e-06,,,0.017064,0.993399,-0.001580,0.000000,0.000000,0.000000,0.000000
6.382979,90,^,0.588169,0.438633,0.894814,0.900346,0.206080,3.032147577755e-08,1.000000000000e-06,,,0.017228,0.993453,-0.001588,0.000000,0.000000,0.000000,0.000000
6.453901,91,^,0.566393,0.443011,0.895916,0.901333,0.204484,3.059027082884e-08,1.000000000000e-06,,,0.017396,0.993509,-0.001596,0.000000,0.000000,0.000000,0.000000
6.524823,92,^,0.544399,0.446307,0.897020,0.902322,0.202880,3.084949968530e-08,1.000000000000e-06,,,0.017565,0.993568,-0.001604,0.000000,0.000000,0.000000,0.000000
6.595745,93,^,0.522242,0.448511,0.898124,0.903314,0.201268,3.110670993283e-08,1.000000000000e-06,,,0.017734,0.993628,-0.001612,0.000000,0.000000,0.000000,0.000000
6.666667,94,^,0.499976,0.449615,0.899230,0.904308,0.199647,3.136690472615e-08,1.000000000000e-06,,,0.017900,0.993688,-0.001621,0.000000,0.000000,0.000000,0.000000
6.737589,95,^,0.477654,0.449614,0.900338,0.905304,0.198018,3.163218381955e-08,1.000000000000e-06,,,0.018064,0.993748,-0.001629,0.000000,0.000000,0.000000,0.000000
6.808511,96,^,0.455333,0.448505,0.901447,0.906303,0.196380,3.190152237208e-08,1.000000000000e-06,,,0.018222,0.993806,-0.001638,0.000000,0.000000,0.000000,0.000000
6.879433,97,^,0.433067,0.446287,0.902557,0.907304,0.194734,3.217069912792e-08,1.000000000000e-06,,,0.018374,0.993863,-0.001646,0.000000,0.000000,0.000000,0.000000
6.950355,98,^,0.410911,0.442964,0.903668,0.908308,0.193079,3.243237953016e-08,1.000000000000e-06,,,0.018518,0.993918,-0.001655,0.000000,0.000000,0.000000,0.000000
7.021277,99,^,0.388920,0.438541,0.904781,0.909315,0.191415,3.267635298761e-08,1.000000000000e-06,,,0.018653,0.993969,-0.001664,0.000000,0.000000,0.000000,0.000000
7.092199,100,^,0.367148,0.433027,0.905896,0.910324,0.189742,3.288991713036e-08,1.000000000000e-06,,,0.018779,0.994017,-0.001673,0.000000,0.000000,0.000000,0.000000
7.163121,101,^,0.345650,0.426431,0.907011,0.911335,0.188061,3.305839571349e-08,1.000000000000e-06,,,0.018893,0.994062,-0.001682,0.000000,0.000000,0.000000,0.000000
7.234043,102,^,0.324480,0.418768,0.908128,0.912349,0.186370,3.316577111011e-08,1.000000000000e-06,,,0.018997,0.994102,-0.001691,0.000000,0.000000,0.000000,0.000000
7.304965,103,^,0.303690,0.410055,0.909247,0.913365,0.184670,3.319540730608e-08,1.000000000000e-06,,,0.019089,0.994138,-0.001700,0.000000,0.000000,0.000000,0.000000
7.375887,104,^,0.283333,0.400309,0.910367,0.914384,0.182961,3.313083517925e-08,1.000000000000e-06,,,0.019169,0.994168,-0.001709,0.000000,0.000000,0.000000,0.000000
7.446809,105,^,0.263459,0.389552,0.911488,0.915405,0.181242,3.295656879002e-08,1.000000000000e-06,,,0.019236,0.994194,-0.001719,0.000000,0.000000,0.000000,0.000000
7.517730,106,^,0.244120,0.377809,0.912610,0.916429,0.179514,3.265891956241e-08,1.000000000000e-06,,,0.019292,0.994214,-0.001728,0.000000,0.000000,0.000000,0.000000
7.588652,107,^,0.225363,0.365106,0.913734,0.917455,0.177776,3.222677468357e-08,1.000000000000e-06,,,0.019336,0.994228,-0.001738,0.000000,0.000000,0.000000,0.000000
7.659574,108,^,0.207237,0.351471,0.914860,0.918484,0.176028,3.165230683235e-08,1.000000000000e-06,,,0.019370,0.994237,-0.001748,0.000000,0.000000,0.000000,0.000000
7.730496,109,^,0.189789,0.336937,0.915986,0.919516,0.174270,3.093158445020e-08,1.000000000000e-06,,,0.019393,0.994240,-0.001758,0.000000,0.000000,0.000000,0.000000
7.801418,110,^,0.173061,0.321537,0.917115,0.920550,0.172502,3.006505512290e-08,1.000000000000e-06,,,0.019407,0.994237,-0.001768,0.000000,0.000000,0.000000,0.000000
7.872340,111,^,0.157098,0.305306,0.918244,0.921586,0.170725,2.905787913261e-08,1.000000000000e-06,,,0.019413,0.994229,-0.001778,0.000000,0.000000,0.000000,0.000000
7.943262,112,^,0.141941,0.288282,0.919375,0.922625,0.168936,2.792009570330e-08,1.000000000000e-06,,,0.019413,0.994215,-0.001788,0.000000,0.000000,0.000000,0.000000
8.014184,113,^,0.127629,0.270506,0.920507,0.923667,0.167137,2.666661069528e-08,2.128013549171e-08,,,0.019408,0.994194,-0.001799,0.000000,0.000000,0.000000,0.000000
8.085106,114,^,0.114200,0.252020,0.921641,0.924711,0.165328,2.531700127018e-08,2.173825915522e-08,,,0.019399,0.994169,-0.001809,0.000000,0.000000,0.000000,0.000000
8.156028,115,^,0.101688,0.232866,0.922776,0.925758,0.163508,2.389514008740e-08,2.292637331213e-08,,,0.019390,0.994138,-0.001820,0.000000,0.000000,0.000000,0.000000
8.226950,116,^,0.090128,0.213092,0.923912,0.926807,0.161677,2.242864863243e-08,2.383720416836e-08,,,0.019381,0.994102,-0.001831,0.000000,0.000000,0.000000,0.000000
8.297872,117,^,0.079549,0.192744,0.925050,0.927859,0.159834,2.094819604146e-08,2.561172432828e-08,,,0.019376,0.994061,-0.001842,0.000000,0.000000,0.000000,0.000000
8.368794,118,^,0.069980,0.171870,0.926190,0.928913,0.157981,1.948666600593e-08,2.584007988158e-08,,,0.019376,0.994015,-0.001853,0.000000,0.000000,0.000000,0.000000
8.439716,119,^,0.061447,0.150522,0.927330,0.929971,0.156116,1.807821976614e-08,2.650829180748e-08,,,0.019384,0.993966,-0.001865,0.000000,0.000000,0.000000,0.000000
8.510638,120,&,0.061447,0.150616,0.927392,0.930028,0.156015,1.679300709618e-08,2.717650373338e-08,,,0.019304,0.994110,-0.000101,0.000000,0.000000,0.000000,0.000000
8.581560,121,&,0.061447,0.150711,0.927453,0.930085,0.155914,1.558103324166e-08,2.920040663159e-08,,,0.019120,0.994244,-0.000101,0.000000,0.000000,0.000000,0.000000
8.652482,122,&,0.061447,0.150806,0.927515,0.930142,0.155813,1.443874533280e-08,2.978821386326e-08,,,0.018817,0.994371,-0.000101,0.000000,0.000000,0.000000,0.000000
8.723404,123,&,0.061447,0.150901,0.927576,0.930199,0.155712,1.336254607174e-08,3.205106650853e-08,,,0.018377,0.994494,-0.000101,0.000000,0.000000,0.000000,0.000000
8.794326,124,&,0.061447,0.150995,0.927638,0.930256,0.155611,1.234882577068e-08,3.336098992970e-08,,,0.017783,0.994621,-0.000101,0.000000,0.000000,0.000000,0.000000
8.865248,125,&,0.061447,0.151090,0.927700,0.930314,0.155510,1.139399319411e-08,3.383574192632e-08,,,0.017017,0.994770,-0.000101,0.000000,0.000000,0.000000,0.000000
8.936170,126,&,0.061447,0.151185,0.927762,0.930371,0.155408,1.049450493096e-08,3.417457449098e-08,,,0.016060,0.994433,-0.000102,0.000000,0.000000,0.000000,0.000000
9.007092,127,&,0.061447,0.151280,0.927824,0.930428,0.155306,1.052802507368e-08,3.647862755086e-08,,,0.015155,0.994174,-0.000102,0.000000,0.000000,0.000000,0.000000
9.078014,128,&,0.061447,0.151375,0.927886,0.930486,0.155204,1.042890878797e-08,3.878268061075e-08,,,0.014424,0.993992,-0.000102,0.000000,0.000000,0.000000,0.000000
9.148936,129,&,0.061447,0.151471,0.927948,0.930544,0.155102,1.033612641569e-08,3.926138807835e-08,,,0.013855,0.993903,-0.000102,0.000000,0.000000,0.000000,0.000000
9.219858,130,&,0.061447,0.151566,0.928010,0.930601,0.155000,1.024494234740e-08,4.112219314644e-08,,,0.013435,0.993912,-0.000102,0.000000,0.000000,0.000000,0.000000
9.290780,131,&,0.061447,0.151661,0.928072,0.930659,0.154898,1.015105806833e-08,4.227744408535e-08,,,0.013153,0.994018,-0.000102,0.000000,0.000000,0.000000,0.000000
9.361702,132,&,0.061447,0.151756,0.928135,0.930717,0.154795,1.005063025210e-08,4.266759767578e-08,,,0.012994,0.994209,-0.000103,0.000000,0.000000,0.000000,0.000000
9.432624,133,&,0.061447,0.151852,0.928197,0.930775,0.154692,9.940284102334e-09,4.532555182768e-08,,,0.012944,0.994467,-0.000103,0.000000,0.000000,0.000000,0.000000
9.503546,134,&,0.061447,0.151947,0.928260,0.930833,0.154590,9.817121888912e-09,4.654300646971e-08,,,0.012990,0.994774,-0.000103,0.000000,0.000000,0.000000,0.000000
9.574468,135,&,0.061447,0.152043,0.928322,0.930891,0.154487,9.678726673728e-09,4.762095593301e-08,,,0.013116,0.995107,-0.000103,0.000000,0.000000,0.000000,0.000000
9.645390,136,&,0.061447,0.152138,0.928385,0.930949,0.154384,9.523161268165e-09,4.869890539631e-08,,,0.013307,0.995449,-0.000103,0.000000,0.000000,0.000000,0.000000
9.716312,137,&,0.061447,0.152234,0.928447,0.931007,0.154280,9.348962511907e-09,5.040162257873e-08,,,0.013549,0.995787,-0.000103,0.000000,0.000000,0.000000,0.000000
9.787234,138,&,0.061447,0.152330,0.928510,0.931066,0.154177,9.155131008837e-09,5.200795843913e-08,,,0.013828,0.996109,-0.000103,0.000000,0.000000,0.000000,0.000000
9.858156,139,&,0.061447,0.152425,0.928573,0.931124,0.154073,8.941116500520e-09,5.361458778092e-08,,,0.014128,0.996409,-0.000104,0.000000,0.000000,0.000000,0.000000
9.929078,140,&,0.061447,0.152521,0.928636,0.931182,0.153970,8.706799100694e-09,5.439662136413e-08,,,0.014438,0.996683,-0.000104,0.000000,0.000000,0.000000,0.000000
10.000000,141,&,0.061447,0.152617,0.928699,0.931241,0.153866,8.452466654737e-09,5.550564053747e-08,,,0.014744,0.996930,-0.000104,0.000000,0.000000,0.000000,0.000000
10.070922,142,&,0.061447,0.152713,0.928762,0.931299,0.153762,8.178788525887e-09,5.712884145302e-08,,,0.015034,0.997150,-0.000104,0.000000,0.000000,0.000000,0.000000
10.141844,143,&,0.061447,0.152809,0.928825,0.931358,0.153658,7.886786144779e-09,5.861277976828e-08,,,0.015296,0.997345,-0.000104,0.000000,0.000000,0.000000,0.000000
10.212766,144,&,0.061447,0.152905,0.928888,0.931417,0.153553,7.577800690066e-09,5.940782786302e-08,,,0.015521,0.997515,-0.000104,0.000000,0.000000,0.000000,0.000000
10.283688,145,&,0.061447,0.153001,0.928952,0.931476,0.153449,7.253458295427e-09,6.077337445642e-08,,,0.015700,0.997663,-0.000104,0.000000,0.000000,0.000000,0.000000
10.354610,146,&,0.061447,0.153097,0.929015,0.931535,0.153344,6.915633201649e-09,5.975389230973e-08,,,0.015824,0.997791,-0.000105,0.000000,0.000000,0.000000,0.000000
10.425532,147,&,0.061447,0.153194,0.929079,0.931593,0.153239,6.566409291611e-09,5.869258527057e-08,,,0.015887,0.997901,-0.000105,0.000000,0.000000,0.000000,0.000000
10.496454,148,&,0.061447,0.153290,0.929142,0.931652,0.153135,6.208040460593e-09,5.742728476009e-08,,,0.015884,0.997995,-0.000105,0.000000,0.000000,0.000000,0.000000
10.567376,149,&,0.061447,0.153386,0.929206,0.931712,0.153029,5.842910284261e-09,5.737013370367e-08,,,0.015810,0.998073,-0.000105,0.000000,0.000000,0.000000,0.000000
10.638298,150,&,0.061447,0.153483,0.929269,0.931771,0.152924,5.473491451881e-09,5.642907656846e-08,,,0.015663,0.998138,-0.000105,0.000000,0.000000,0.000000,0.000000
10.709220,151,&,0.061447,0.153579,0.929333,0.931830,0.152819,5.102305432588e-09,5.573171135077e-08,,,0.015442,0.998190,-0.000105,0.000000,0.000000,0.000000,0.000000
10.780142,152,&,0.061447,0.153676,0.929397,0.931889,0.152713,4.731882838077e-09,5.414927082133e-08,,,0.015145,0.998231,-0.000106,0.000000,0.000000,0.000000,0.000000
10.851064,153,&,0.061447,0.153772,0.929461,0.931949,0.152608,4.364724935674e-09,5.370377994315e-08,,,0.014776,0.998261,-0.000106,0.000000,0.000000,0.000000,0.000000
10.921986,154,&,0.061447,0.153869,0.929525,0.932008,0.152502,4.003266751703e-09,5.325828906496e-08,,,0.014335,0.998279,-0.000106,0.000000,0.000000,0.000000,0.000000
10.992908,155,&,0.061447,0.153966,0.929589,0.932068,0.152396,3.649842186376e-09,5.393775278072e-08,,,0.013828,0.998288,-0.000106,0.000000,0.000000,0.000000,0.000000
11.063830,156,&,0.061447,0.154062,0.929653,0.932127,0.152289,3.306651538294e-09,5.343733170843e-08,,,0.013257,0.998286,-0.000106,0.000000,0.000000,0.000000,0.000000
11.134752,157,&,0.061447,0.154159,0.929717,0.932187,0.152183,2.975731809342e-09,5.346040764405e-08,,,0.012630,0.998273,-0.000106,0.000000,0.000000,0.000000,0.000000
11.205674,158,&,0.061447,0.154256,0.929781,0.932247,0.152077,2.658930129498e-09,5.386851038781e-08,,,0.011953,0.998249,-0.000106,0.000000,0.000000,0.000000,0.000000
11.276596,159,&,0.061447,0.154353,0.929846,0.932307,0.151970,2.357880606165e-09,5.390348549786e-08,,,0.011232,0.998213,-0.000107,0.000000,0.000000,0.000000,0.000000
11.347518,160,&,0.061447,0.154450,0.929910,0.932367,0.151863,2.073984864462e-09,5.408774970030e-08,,,0.010477,0.998164,-0.000107,0.000000,0.000000,0.000000,0.000000
11.418440,161,&,0.061447,0.154547,0.929975,0.932427,0.151756,1.808396503792e-09,5.438565087763e-08,,,0.009696,0.998101,-0.000107,0.000000,0.000000,0.000000,0.000000
11.489362,162,&,0.061447,0.154644,0.930039,0.932487,0.151649,1.562009652432e-09,5.468355205495e-08,,,0.008898,0.998020,-0.000107,0.000000,0.000000,0.000000,0.000000
11.560284,163,&,0.061447,0.154741,0.930104,0.932547,0.151542,1.335451756204e-09,5.415669540940e-08,,,0.008092,0.997920,-0.000107,0.000000,0.000000,0.000000,0.000000
11.631206,164,&,0.061447,0.154839,0.930169,0.932607,0.151434,1.129080690032e-09,5.601864540125e-08,,,0.007287,0.997797,-0.000107,0.000000,0.000000,0.000000,0.000000
11.702128,165,&,0.061447,0.154936,0.930234,0.932667,0.151327,9.429862328019e-10,5.604820712031e-08,,,0.006493,0.997645,-0.000108,0.000000,0.000000,0.000000,0.000000
11.773050,166,&,0.061447,0.155033,0.930299,0.932728,0.151219,7.769958969141e-10,5.644554689797e-08,,,0.005718,0.997459,-0.000108,0.000000,0.000000,0.000000,0.000000
11.843972,167,&,0.061447,0.155131,0.930364,0.932788,0.151111,6.306850547753e-10,5.521623985719e-08,,,0.004971,0.997229,-0.000108,0.000000,0.000000,0.000000,0.000000
11.914894,168,&,0.061447,0.155228,0.930429,0.932849,0.151003,5.033912556845e-10,5.601820548731e-08,,,0.004260,0.996942,-0.000108,0.000000,0.000000,0.000000,0.000000
11.985816,169,&,0.061447,0.155326,0.930494,0.932909,0.150895,3.942325786828e-10,5.619941213781e-08,,,0.003592,0.996582,-0.000108,0.000000,0.000000,0.000000,0.000000
12.056738,170,&,0.061447,0.155424,0.930559,0.932970,0.150786,3.021298204002e-10,5.638061878832e-08,,,0.002973,0.996122,-0.000108,0.000000,0.000000,0.000000,0.000000
12.127660,171,&,0.061447,0.155521,0.930624,0.933031,0.150678,2.258322722787e-10,5.729497277226e-08,,,0.002409,0.995523,-0.000109,0.000000,0.000000,0.000000,0.000000
12.198582,172,&,0.061447,0.155619,0.930690,0.933092,0.150569,1.639467992122e-10,5.623856976803e-08,,,0.001905,0.994728,-0.000109,0.000000,0.000000,0.000000,0.000000
12.269504,173,&,0.061447,0.155717,0.930755,0.933152,0.150460,1.149698921007e-10,5.665247915367e-08,,,0.001462,0.993638,-0.000109,0.000000,0.000000,0.000000,0.000000
12.340426,174,&,0.061447,0.155815,0.930820,0.933213,0.150351,7.732233046856e-11,5.712884145302e-08,,,0.001082,0.992091,-0.000109,0.000000,0.000000,0.000000,0.000000
12.411348,175,&,0.061447,0.155913,0.930886,0.933274,0.150242,4.938605855184e-11,5.695123498609e-08,,,0.000766,0.989785,-0.000109,0.000000,0.000000,0.000000,0.000000
12.482270,176,&,0.061447,0.156011,0.930952,0.933336,0.150133,2.954284947321e-11,5.732522308412e-08,,,0.000513,0.986121,-0.000109,0.000000,0.000000,0.000000,0.000000
12.553191,177,&,0.061447,0.156109,0.931018,0.933397,0.150023,1.621430761691e-11,5.741940461300e-08,,,0.000318,0.979741,-0.000110,0.000000,0.000000,0.000000,0.000000
12.624113,178,&,0.061447,0.156207,0.931083,0.933458,0.149914,7.902739370877e-12,5.740386005594e-08,,,0.000177,0.966979,-0.000110,0.000000,0.000000,0.000000,0.000000
12.695035,179,&,0.061447,0.156305,0.931149,0.933519,0.149804,3.232407256345e-12,5.699002107738e-08,,,0.000085,0.934743,-0.000110,0.000000,0.000000,0.000000,0.000000
12.765957,180,&,0.061447,0.156403,0.931215,0.933581,0.149694,9.906723053019e-13,5.639367230192e-08,,,0.000032,0.812345,-0.000110,0.000000,0.000000,0.000000,0.000000
12.836879,181,&,0.061447,0.156502,0.931281,0.933642,0.149583,1.685245135767e-13,5.685139524545e-08,,,0.000008,0.409887,-0.000110,0.000000,0.000000,0.000000,0.000000
12.907801,182,&,0.061447,0.156600,0.931347,0.933704,0.149473,1.382299368858e-18,5.730911818898e-08,,,0.000003,1.000000,-0.000110,0.000000,0.000000,0.000000,0.000000
12.978723,183,&,0.061447,0.156698,0.931414,0.933766,0.149363,0.000000000000e+00,5.761030076766e-08,,,0.000003,1.000000,-0.000111,0.000000,0.000000,0.000000,0.000000
13.049645,184,&,0.061447,0.156797,0.931480,0.933827,0.149252,0.000000000000e+00,5.791148334633e-08,,,0.000003,1.000000,-0.000111,0.000000,0.000000,0.000000,0.000000
13.120567,185,&,0.061447,0.156895,0.931546,0.933889,0.149141,0.000000000000e+00,5.818311669997e-08,,,0.000003,1.000000,-0.000111,0.000000,0.000000,0.000000,0.000000
13.191489,186,&,0.061447,0.156994,0.931613,0.933951,0.149030,0.000000000000e+00,5.845475005362e-08,,,0.000003,1.000000,-0.000111,0.000000,0.000000,0.000000,0.000000
13.262411,187,&,0.061447,0.157093,0.931679,0.934013,0.148919,0.000000000000e+00,5.872558350683e-08,,,0.000003,1.000000,-0.000111,0.000000,0.000000,0.000000,0.000000
13.333333,188,&,0.061447,0.157191,0.931746,0.934075,0.148808,0.000000000000e+00,5.899641696004e-08,,,0.000003,1.000000,-0.000111,0.000000,0.000000,0.000000,0.000000
13.404255,189,&,0.061447,0.157290,0.931813,0.934137,0.148696,0.000000000000e+00,5.905034078618e-08,,,0.000003,1.000000,-0.000111,0.000000,0.000000,0.000000,0.000000
13.475177,190,&,0.061447,0.157389,0.931879,0.934200,0.148585,0.000000000000e+00,5.910426461233e-08,,,0.000003,1.000000,-0.000112,0.000000,0.000000,0.000000,0.000000
13.546099,191,&,0.061447,0.157488,0.931946,0.934262,0.148473,0.000000000000e+00,5.909892004995e-08,,,0.000003,1.000000,-0.000112,0.000000,0.000000,0.000000,0.000000
13.617021,192,&,0.061447,0.157587,0.932013,0.934324,0.148361,0.000000000000e+00,5.909357548757e-08,,,0.000003,1.000000,-0.000112,0.000000,0.000000,0.000000,0.000000
13.687943,193,&,0.061447,0.157686,0.932080,0.934387,0.148249,0.000000000000e+00,5.902118468326e-08,,,0.000003,1.000000,-0.000112,0.000000,0.000000,0.000000,0.000000
13.758865,194,&,0.061447,0.157785,0.932147,0.934449,0.148136,0.000000000000e+00,5.894879387895e-08,,,0.000003,1.000000,-0.000112,0.000000,0.000000,0.000000,0.000000
13.829787,195,&,0.061447,0.157884,0.932214,0.934512,0.148024,0.000000000000e+00,5.880341184884e-08,,,0.000003,1.000000,-0.000112,0.000000,0.000000,0.000000,0.000000
13.900709,196,&,0.061447,0.157984,0.932282,0.934575,0.147911,0.000000000000e+00,5.865802981873e-08,,,0.000003,1.000000,-0.000113,0.000000,0.000000,0.000000,0.000000
13.971631,197,&,0.061447,0.158083,0.932349,0.934637,0.147798,0.000000000000e+00,5.843547389980e-08,,,0.000003,1.000000,-0.000113,0.000000,0.000000,0.000000,0.000000
14.042553,198,&,0.061447,0.158182,0.932416,0.934700,0.147685,0.000000000000e+00,5.821291798087e-08,,,0.000003,1.000000,-0.000113,0.000000,0.000000,0.000000,0.000000
14.113475,199,&,0.061447,0.158282,0.932484,0.934763,0.147572,0.000000000000e+00,5.822803702637e-08,,,0.000003,1.000000,-0.000113,0.000000,0.000000,0.000000,0.000000
14.184397,200,&,0.061447,0.158381,0.932551,0.934826,0.147459,0.000000000000e+00,5.831119083887e-08,,,0.000003,1.000000,-0.000113,0.000000,0.000000,0.000000,0.000000
14.255319,201,&,0.061447,0.158481,0.932619,0.934889,0.147345,0.000000000000e+00,5.810380489545e-08,,,0.000003,1.000000,-0.000114,0.000000,0.000000,0.000000,0.000000
14.326241,202,&,0.061447,0.158580,0.932687,0.934952,0.147232,0.000000000000e+00,5.789510894553e-08,,,0.000003,1.000000,-0.000114,0.000000,0.000000,0.000000,0.000000
14.397163,203,&,0.061447,0.158680,0.932755,0.935016,0.147118,0.000000000000e+00,5.746839835441e-08,,,0.000003,1.000000,-0.000114,0.000000,0.000000,0.000000,0.000000
14.468085,204,&,0.061447,0.158780,0.932823,0.935079,0.147004,0.000000000000e+00,5.709155717276e-08,,,0.000003,1.000000,-0.000114,0.000000,0.000000,0.000000,0.000000
14.539007,205,&,0.061447,0.158879,0.932891,0.935142,0.146890,0.000000000000e+00,5.658297190033e-08,,,0.000003,1.000000,-0.000114,0.000000,0.000000,0.000000,0.000000
14.609929,206,&,0.061447,0.158979,0.932959,0.935206,0.146775,0.000000000000e+00,5.607438662791e-08,,,0.000003,1.000000,-0.000114,0.000000,0.000000,0.000000,0.000000
14.680851,207,&,0.061447,0.159079,0.933027,0.935269,0.146661,0.000000000000e+00,5.601140867005e-08,,,0.000003,1.000000,-0.000115,0.000000,0.000000,0.000000,0.000000
14.751773,208,&,0.061447,0.159179,0.933095,0.935333,0.146546,0.000000000000e+00,5.594843071219e-08,,,0.000003,1.000000,-0.000115,0.000000,0.000000,0.000000,0.000000
14.822695,209,&,0.061447,0.159279,0.933163,0.935397,0.146431,0.000000000000e+00,5.543910580907e-08,,,0.000003,1.000000,-0.000115,0.000000,0.000000,0.000000,0.000000
14.893617,210,&,0.061447,0.159379,0.933232,0.935461,0.146316,0.000000000000e+00,5.492978090594e-08,,,0.000003,1.000000,-0.000115,0.000000,0.000000,0.000000,0.000000
14.964539,211,&,0.061447,0.159480,0.933300,0.935524,0.146201,0.000000000000e+00,5.462492033657e-08,,,0.000003,1.000000,-0.000115,0.000000,0.000000,0.000000,0.000000
15.035461,212,&,0.061447,0.159580,0.933369,0.935588,0.146085,0.000000000000e+00,5.432005976720e-08,,,0.000003,1.000000,-0.000115,0.000000,0.000000,0.000000,0.000000
15.106383,213,&,0.061447,0.159680,0.933437,0.935652,0.145970,0.000000000000e+00,5.398338238931e-08,,,0.000003,1.000000,-0.000116,0.000000,0.000000,0.000000,0.000000
15.177305,214,&,0.061447,0.159781,0.933506,0.935717,0.145854,0.000000000000e+00,5.364670500312e-08,,,0.000003,1.000000,-0.000116,0.000000,0.000000,0.000000,0.000000
15.248227,215,&,0.061447,0.159881,0.933575,0.935781,0.145738,0.000000000000e+00,5.294375280364e-08,,,0.000003,1.000000,-0.000116,0.000000,0.000000,0.000000,0.000000
15.319149,216,&,0.061447,0.159981,0.933643,0.935845,0.145622,0.000000000000e+00,5.224080060417e-08,,,0.000003,1.000000,-0.000116,0.000000,0.000000,0.000000,0.000000
15.390071,217,&,0.061447,0.160082,0.933712,0.935909,0.145506,0.000000000000e+00,5.147780326629e-08,,,0.000003,1.000000,-0.000116,0.000000,0.000000,0.000000,0.000000
15.460993,218,&,0.061447,0.160183,0.933781,0.935974,0.145389,0.000000000000e+00,5.071480592842e-08,,,0.000003,1.000000,-0.000116,0.000000,0.000000,0.000000,0.000000
15.531915,219,&,0.061447,0.160283,0.933851,0.936038,0.145273,0.000000000000e+00,4.989377154187e-08,,,0.000003,1.000000,-0.000117,0.000000,0.000000,0.000000,0.000000
15.602837,220,&,0.061447,0.160384,0.933920,0.936103,0.145156,0.000000000000e+00,4.907273715532e-08,,,0.000003,1.000000,-0.000117,0.000000,0.000000,0.000000,0.000000
15.673759,221,&,0.061447,0.160485,0.933989,0.936168,0.145039,0.000000000000e+00,4.819673001200e-08,,,0.000003,1.000000,-0.000117,0.000000,0.000000,0.000000,0.000000
15.744681,222,&,0.061447,0.160586,0.934058,0.936233,0.144922,0.000000000000e+00,4.732072286867e-08,,,0.000003,1.000000,-0.000117,0.000000,0.000000,0.000000,0.000000
15.815603,223,&,0.061447,0.160687,0.934128,0.936297,0.144805,0.000000000000e+00,4.639376650454e-08,,,0.000003,1.000000,-0.000117,0.000000,0.000000,0.000000,0.000000
15.886525,224,&,0.061447,0.160788,0.934197,0.936362,0.144687,0.000000000000e+00,4.546681014040e-08,,,0.000003,1.000000,-0.000117,0.000000,0.000000,0.000000,0.000000
15.957447,225,&,0.061447,0.160889,0.934267,0.936427,0.144570,0.000000000000e+00,4.449378295648e-08,,,0.000003,1.000000,-0.000118,0.000000,0.000000,0.000000,0.000000
16.028369,226,&,0.061447,0.160990,0.934337,0.936492,0.144452,0.000000000000e+00,4.352075577256e-08,,,0.000003,1.000000,-0.000118,0.000000,0.000000,0.000000,0.000000
16.099291,227,&,0.061447,0.161091,0.934406,0.936558,0.144334,0.000000000000e+00,4.250728049123e-08,,,0.000003,1.000000,-0.000118,0.000000,0.000000,0.000000,0.000000
16.170213,228,&,0.061447,0.161192,0.934476,0.936623,0.144215,0.000000000000e+00,4.149380520989e-08,,,0.000003,1.000000,-0.000118,0.000000,0.000000,0.000000,0.000000
16.241135,229,&,0.061447,0.161294,0.934546,0.936688,0.144097,0.000000000000e+00,4.044613347978e-08,,,0.000003,1.000000,-0.000118,0.000000,0.000000,0.000000,0.000000
16.312057,230,&,0.061447,0.161395,0.934616,0.936754,0.143979,0.000000000000e+00,3.939846174967e-08,,,0.000003,1.000000,-0.000119,0.000000,0.000000,0.000000,0.000000
16.382979,231,&,0.061447,0.161496,0.934686,0.936819,0.143860,0.000000000000e+00,3.832335525661e-08,,,0.000003,1.000000,-0.000119,0.000000,0.000000,0.000000,0.000000
16.453901,232,&,0.061447,0.161598,0.934756,0.936885,0.143741,0.000000000000e+00,3.724824876356e-08,,,0.000003,1.000000,-0.000119,0.000000,0.000000,0.000000,0.000000
16.524823,233,&,0.061447,0.161699,0.934827,0.936950,0.143622,0.000000000000e+00,3.615285823456e-08,,,0.000003,1.000000,-0.000119,0.000000,0.000000,0.000000,0.000000
16.595745,234,&,0.061447,0.161801,0.934897,0.937016,0.143503,0.000000000000e+00,3.505746770557e-08,,,0.000003,1.000000,-0.000119,0.000000,0.000000,0.000000,0.000000
16.666667,235,&,0.061447,0.161903,0.934967,0.937082,0.143383,0.000000000000e+00,3.394921120843e-08,,,0.000003,1.000000,-0.000119,0.000000,0.000000,0.000000,0.000000
16.737589,236,&,0.061447,0.162005,0.935038,0.937148,0.143263,0.000000000000e+00,3.284095471128e-08,,,0.000003,1.000000,-0.000120,0.000000,0.000000,0.000000,0.000000
16.808511,237,&,0.061447,0.162106,0.935109,0.937214,0.143144,0.000000000000e+00,3.172739665341e-08,,,0.000003,1.000000,-0.000120,0.000000,0.000000,0.000000,0.000000
16.879433,238,&,0.061447,0.162208,0.935179,0.937280,0.143024,0.000000000000e+00,3.061383859553e-08,,,0.000003,1.000000,-0.000120,0.000000,0.000000,0.000000,0.000000
16.950355,239,&,0.061447,0.162310,0.935250,0.937346,0.142903,0.000000000000e+00,2.950257081199e-08,,,0.000003,1.000000,-0.000120,0.000000,0.000000,0.000000,0.000000
17.021277,240,^,0.065016,0.173058,0.936290,0.938320,0.141132,2.598067415410e-19,2.839130302846e-08,,,0.000006,0.851631,-0.001772,0.000000,0.000000,0.000000,0.000000
17.092199,241,^,0.069666,0.185636,0.937332,0.939296,0.139349,6.046404705749e-15,2.728982932125e-08,,,0.000017,0.922047,-0.001783,0.000000,0.000000,0.000000,0.000000
17.163121,242,^,0.075388,0.199604,0.938375,0.940274,0.137555,4.879367552828e-14,2.618835561404e-08,,,0.000041,0.969446,-0.001794,0.000000,0.000000,0.000000,0.000000
17.234043,243,^,0.082171,0.214584,0.939420,0.941255,0.135749,2.094495129872e-13,2.510398106213e-08,,,0.000085,0.984159,-0.001806,0.000000,0.000000,0.000000,0.000000
17.304965,244,^,0.090000,0.230258,0.940466,0.942238,0.133932,6.488747100795e-13,2.401960651022e-08,,,0.000157,0.989888,-0.001817,0.000000,0.000000,0.000000,0.000000
17.375887,245,^,0.098859,0.246369,0.941513,0.943223,0.132102,1.633944398462e-12,2.295933281424e-08,,,0.000264,0.992756,-0.001829,0.000000,0.000000,0.000000,0.000000
17.446809,246,^,0.108728,0.262702,0.942562,0.944211,0.130261,3.557244720161e-12,2.189905911826e-08,,,0.000413,0.994444,-0.001842,0.000000,0.000000,0.000000,0.000000
17.517730,247,^,0.119587,0.279082,0.943612,0.945202,0.128407,6.948476080752e-12,2.086948717401e-08,,,0.000609,0.995542,-0.001854,0.000000,0.000000,0.000000,0.000000
17.588652,248,^,0.131409,0.295361,0.944664,0.946195,0.126540,1.247754473053e-11,1.983991522977e-08,,,0.000858,0.996304,-0.001866,0.000000,0.000000,0.000000,0.000000
17.659574,249,^,0.144169,0.311415,0.945717,0.947190,0.124661,2.095016485358e-11,1.884715604291e-08,,,0.001163,0.996859,-0.001879,0.000000,0.000000,0.000000,0.000000
17.730496,250,^,0.157838,0.327138,0.946771,0.948188,0.122769,3.329710824594e-11,1.785439685605e-08,,,0.001527,0.997277,-0.001892,0.000000,0.000000,0.000000,0.000000
17.801418,251,^,0.172383,0.342435,0.947827,0.949188,0.120863,5.055827443564e-11,1.690399181652e-08,,,0.001953,0.997600,-0.001906,0.000000,0.000000,0.000000,0.000000
17.872340,252,^,0.187772,0.357224,0.948885,0.950191,0.118944,7.386267092918e-11,1.595358677699e-08,,,0.002440,0.997854,-0.001919,0.000000,0.000000,0.000000,0.000000
17.943262,253,^,0.203968,0.371434,0.949943,0.951196,0.117011,1.044052754945e-10,1.505043820699e-08,,,0.002988,0.998058,-0.001933,0.000000,0.000000,0.000000,0.000000
18.014184,254,^,0.220934,0.384999,0.951003,0.952204,0.115064,1.434216373906e-10,1.414728963699e-08,,,0.003594,0.998224,-0.001947,0.000000,0.000000,0.000000,0.000000
18.085106,255,^,0.238630,0.397860,0.952065,0.953214,0.113102,1.921609751650e-10,1.329560241188e-08,,,0.004255,0.998359,-0.001962,0.000000,0.000000,0.000000,0.000000
18.156028,256,^,0.257013,0.409964,0.953128,0.954227,0.111126,2.518584468372e-10,1.244391518677e-08,,,0.004968,0.998471,-0.001976,0.000000,0.000000,0.000000,0.000000
18.226950,257,^,0.276041,0.421264,0.954193,0.955242,0.109134,3.237072014520e-10,1.164715010476e-08,,,0.005725,0.998564,-0.001991,0.000000,0.000000,0.000000,0.000000
18.297872,258,^,0.295667,0.431715,0.955258,0.956259,0.107128,4.088307654375e-10,1.085038502275e-08,,,0.006522,0.998641,-0.002007,0.000000,0.000000,0.000000,0.000000
18.368794,259,^,0.315845,0.441279,0.956326,0.957279,0.105105,5.082562694430e-10,1.011122446867e-08,,,0.007350,0.998705,-0.002022,0.000000,0.000000,0.000000,0.000000
18.439716,260,^,0.336527,0.449920,0.957394,0.958302,0.103067,6.228889784564e-10,9.372063914592e-09,,,0.008202,0.998757,-0.002038,0.000000,0.000000,0.000000,0.000000
18.510638,261,^,0.357663,0.457607,0.958465,0.959327,0.101012,7.534885477551e-10,8.692390225909e-09,,,0.009069,0.998800,-0.002055,0.000000,0.000000,0.000000,0.000000
18.581560,262,^,0.379202,0.464312,0.959536,0.960355,0.098940,9.006473880004e-10,8.012716537225e-09,,,0.009943,0.998834,-0.002072,0.000000,0.000000,0.000000,0.000000
18.652482,263,^,0.401091,0.470010,0.960609,0.961385,0.096851,1.064771483339e-09,7.393603338710e-09,,,0.010814,0.998861,-0.002089,0.000000,0.000000,0.000000,0.000000
18.723404,264,^,0.423279,0.474682,0.961684,0.962418,0.094744,1.246063965947e-09,7.476389795685e-09,,,0.011673,0.998881,-0.002107,0.000000,0.000000,0.000000,0.000000
18.794326,265,^,0.445710,0.478309,0.962760,0.963453,0.092619,1.444511708511e-09,7.744553166455e-09,,,0.012511,0.998894,-0.002125,0.000000,0.000000,0.000000,0.000000
18.865248,266,^,0.468330,0.480877,0.963837,0.964491,0.090475,1.659875152304e-09,8.012716537225e-09,,,0.013317,0.998902,-0.002144,0.000000,0.000000,0.000000,0.000000
18.936170,267,^,0.491084,0.482376,0.964916,0.965532,0.088312,1.891681542745e-09,8.339896394146e-09,,,0.014085,0.998903,-0.002163,0.000000,0.000000,0.000000,0.000000
19.007092,268,^,0.513916,0.482798,0.965996,0.966575,0.086129,2.139221696307e-09,8.667076251066e-09,,,0.014804,0.998899,-0.002183,0.000000,0.000000,0.000000,0.000000
19.078014,269,^,0.536770,0.482139,0.967078,0.967620,0.083926,2.401550372584e-09,9.019570082829e-09,,,0.015468,0.998889,-0.002203,0.000000,0.000000,0.000000,0.000000
19.148936,270,^,0.559590,0.480399,0.968161,0.968668,0.081701,2.677490273002e-09,9.372063914592e-09,,,0.016069,0.998873,-0.002224,0.000000,0.000000,0.000000,0.000000
19.219858,271,^,0.582319,0.477581,0.969246,0.969719,0.079455,2.965639633145e-09,9.665660414209e-09,,,0.016602,0.998851,-0.002246,0.000000,0.000000,0.000000,0.000000
19.290780,272,^,0.604901,0.473690,0.970332,0.970772,0.077186,3.264383318828e-09,9.959256913827e-09,,,0.017061,0.998822,-0.002269,0.000000,0.000000,0.000000,0.000000
19.361702,273,^,0.627280,0.468736,0.971420,0.971828,0.074894,3.571907276699e-09,1.040482096829e-08,,,0.017441,0.998787,-0.002292,0.000000,0.000000,0.000000,0.000000
19.432624,274,^,0.649401,0.462734,0.972509,0.972887,0.072578,3.886216127935e-09,1.085038502275e-08,,,0.017741,0.998744,-0.002316,0.000000,0.000000,0.000000,0.000000
19.503546,275,^,0.671208,0.455699,0.973599,0.973948,0.070237,4.205153628050e-09,1.110024013961e-08,,,0.017958,0.998692,-0.002341,0.000000,0.000000,0.000000,0.000000
19.574468,276,^,0.692647,0.447653,0.974691,0.975012,0.067870,4.526425646224e-09,1.135009525647e-08,,,0.018093,0.998632,-0.002367,0.000000,0.000000,0.000000,0.000000
19.645390,277,^,0.713664,0.438619,0.975785,0.976078,0.065476,4.847625242844e-09,1.189700522162e-08,,,0.018145,0.998561,-0.002394,0.000000,0.000000,0.000000,0.000000
19.716312,278,^,0.734206,0.428627,0.976880,0.977147,0.063054,5.166259343027e-09,1.244391518677e-08,,,0.018119,0.998479,-0.002422,0.000000,0.000000,0.000000,0.000000
19.787234,279,^,0.754221,0.417709,0.977976,0.978219,0.060602,5.479776415303e-09,1.263962568231e-08,,,0.018016,0.998383,-0.002452,0.000000,0.000000,0.000000,0.000000
19.858156,280,^,0.773659,0.405903,0.979074,0.979293,0.058119,5.785594467226e-09,1.283533617784e-08,,,0.017843,0.998274,-0.002483,0.000000,0.000000,0.000000,0.000000
19.929078,281,^,0.792471,0.393250,0.980173,0.980370,0.055603,6.081128563080e-09,1.349131290742e-08,,,0.017606,0.998148,-0.002515,0.000000,0.000000,0.000000,0.000000
20.000000,282,^,0.810608,0.379799,0.981274,0.981449,0.053053,6.363816955011e-09,1.414728963699e-08,,,0.017313,0.998004,-0.002550,0.000000,0.000000,0.000000,0.000000
20.070922,283,^,0.828025,0.365603,0.982376,0.982532,0.050468,6.631144805556e-09,1.427829893625e-08,,,0.016972,0.997840,-0.002586,0.000000,0.000000,0.000000,0.000000
20.141844,284,^,0.844675,0.350724,0.983480,0.983616,0.047843,6.880664386110e-09,1.440930823550e-08,,,0.016594,0.997655,-0.002624,0.000000,0.000000,0.000000,0.000000
20.212766,285,^,0.860518,0.335230,0.984585,0.984704,0.045179,7.110010607453e-09,1.518144750624e-08,,,0.016189,0.997446,-0.002665,0.000000,0.000000,0.000000,0.000000
20.283688,286,^,0.875510,0.319201,0.985692,0.985794,0.042470,7.316910871160e-09,1.595358677699e-08,,,0.015770,0.997212,-0.002709,0.000000,0.000000,0.000000,0.000000
20.354610,287,^,0.889615,0.302728,0.986800,0.986887,0.039714,7.499188723860e-09,1.600926720750e-08,,,0.015347,0.996955,-0.002755,0.000000,0.000000,0.000000,0.000000
20.425532,288,^,0.902793,0.285918,0.987910,0.987983,0.036908,7.654762052438e-09,1.606494763801e-08,,,0.014934,0.996676,-0.002806,0.000000,0.000000,0.000000,0.000000
20.496454,289,^,0.915012,0.268897,0.989021,0.989081,0.034047,7.781639373473e-09,1.692939571844e-08,,,0.014542,0.996378,-0.002861,0.000000,0.000000,0.000000,0.000000
20.567376,290,^,0.926238,0.251819,0.990134,0.990182,0.031125,7.877923676024e-09,1.779384379887e-08,,,0.014185,0.996069,-0.002922,0.000000,0.000000,0.000000,0.000000
20.638298,291,^,0.936440,0.234867,0.991248,0.991286,0.028136,7.941845093967e-09,1.782412032746e-08,,,0.013872,0.995760,-0.002989,0.000000,0.000000,0.000000,0.000000
20.709220,292,^,0.945593,0.218273,0.992363,0.992392,0.025071,7.971866187703e-09,1.785439685605e-08,,,0.013613,0.995463,-0.003065,0.000000,0.000000,0.000000,0.000000
20.780142,293,^,0.953669,0.202324,0.993480,0.993502,0.021920,7.966943485474e-09,1.872035138451e-08,,,0.013416,0.995194,-0.003151,0.000000,0.000000,0.000000,0.000000
20.851064,294,^,0.960648,0.187378,0.994599,0.994614,0.018669,7.927090720471e-09,1.958630591297e-08,,,0.013285,0.994971,-0.003252,0.000000,0.000000,0.000000,0.000000
20.921986,295,^,0.966508,0.173880,0.995719,0.995728,0.015295,7.854458101283e-09,1.971311057137e-08,,,0.013220,0.994805,-0.003373,0.000000,0.000000,0.000000,0.000000
20.992908,296,^,0.971233,0.162365,0.996841,0.996846,0.011768,7.755137378626e-09,1.983991522977e-08,,,0.013215,0.994705,-0.003527,0.000000,0.000000,0.000000,0.000000
21.063830,297,^,0.974808,0.153428,0.997964,0.997966,0.008032,7.641609564122e-09,2.063568244498e-08,,,0.013262,0.994667,-0.003736,0.000000,0.000000,0.000000,0.000000
21.134752,298,^,0.977222,0.147661,0.999088,0.999089,0.003963,7.534885589053e-09,2.143144966020e-08,,,0.013342,0.994678,-0.004070,0.000000,0.000000,0.000000,0.000000
21.205674,299,^,0.978465,0.145527,1.000214,1.000214,-0.000107,7.464183734273e-09,2.166525438923e-08,,,0.013435,0.994715,-0.004070,0.000000,0.000000,0.000000,0.000000
21.276596,300,^,0.978532,0.147235,1.001342,1.001343,-0.000671,7.462094331173e-09,2.189905911826e-08,,,0.013519,0.994748,-0.000564,0.000000,0.000000,0.000000,0.000000
21.347518,301,^,0.977421,0.152665,1.002471,1.002474,-0.001236,7.556358450935e-09,2.260818094293e-08,,,0.013571,0.994754,-0.000565,0.000000,0.000000,0.000000,0.000000
21.418440,302,^,0.975129,0.161420,1.003602,1.003608,-0.001802,7.763167526536e-09,2.331730276761e-08,,,0.013575,0.994717,-0.000566,0.000000,0.000000,0.000000,0.000000
21.489362,303,^,0.971661,0.172941,1.004734,1.004745,-0.002370,8.085978745802e-09,2.366845463891e-08,,,0.013520,0.994708,-0.000567,0.000000,0.000000,0.000000,0.000000
21.560284,304,^,0.967022,0.186636,1.005867,1.005885,-0.002938,8.658077349600e-09,2.401960651022e-08,,,0.013454,0.994689,-0.000568,0.000000,0.000000,0.000000,0.000000
21.631206,305,^,0.961220,0.201964,1.007003,1.007027,-0.003507,9.362593509831e-09,2.462526713926e-08,,,0.013381,0.994663,-0.000569,0.000000,0.000000,0.000000,0.000000
21.702128,306,^,0.954268,0.218466,1.008139,1.008172,-0.004078,1.018156529845e-08,2.523092776830e-08,,,0.013306,0.994629,-0.000570,0.000000,0.000000,0.000000,0.000000
21.773050,307,^,0.946178,0.235765,1.009277,1.009321,-0.004649,1.109378878591e-08,2.570964169117e-08,,,0.013232,0.994590,-0.000572,0.000000,0.000000,0.000000,0.000000
21.843972,308,^,0.936969,0.253562,1.010417,1.010471,-0.005222,1.207529038775e-08,2.618835561404e-08,,,0.013163,0.994549,-0.000573,0.000000,0.000000,0.000000,0.000000
21.914894,309,^,0.926660,0.271613,1.011558,1.011625,-0.005796,1.310006077731e-08,2.667345774569e-08,,,0.013102,0.994505,-0.000574,0.000000,0.000000,0.000000,0.000000
21.985816,310,^,0.915275,0.289720,1.012701,1.012782,-0.006371,1.414099360591e-08,2.715855987734e-08,,,0.013050,0.994462,-0.000575,0.000000,0.000000,0.000000,0.000000
22.056738,311,^,0.902837,0.307722,1.013845,1.013941,-0.006947,1.517093994163e-08,2.777493145290e-08,,,0.013010,0.994419,-0.000576,0.000000,0.000000,0.000000,0.000000
22.127660,312,^,0.889377,0.325481,1.014991,1.015104,-0.007524,1.616379490802e-08,2.839130302846e-08,,,0.012983,0.994380,-0.000577,0.000000,0.000000,0.000000,0.000000
22.198582,313,^,0.874923,0.342881,1.016138,1.016269,-0.008102,1.709554749900e-08,2.873853024276e-08,,,0.012972,0.994345,-0.000578,0.000000,0.000000,0.000000,0.000000
22.269504,314,^,0.859510,0.359821,1.017287,1.017437,-0.008681,1.794523805656e-08,2.908575745707e-08,,,0.012976,0.994314,-0.000579,0.000000,0.000000,0.000000,0.000000
22.340426,315,^,0.843172,0.376214,1.018438,1.018608,-0.009261,1.869577895278e-08,2.984979802630e-08,,,0.012996,0.994290,-0.000580,0.000000,0.000000,0.000000,0.000000
22.411348,316,^,0.825949,0.391980,1.019590,1.019781,-0.009843,1.933460347320e-08,3.061383859553e-08,,,0.013033,0.994272,-0.000581,0.000000,0.000000,0.000000,0.000000
22.482270,317,^,0.807879,0.407050,1.020743,1.020958,-0.010425,1.985411672458e-08,3.080570032685e-08,,,0.013087,0.994261,-0.000583,0.000000,0.000000,0.000000,0.000000
22.553191,318,^,0.789007,0.421360,1.021898,1.022138,-0.011009,2.025193116512e-08,3.099756205816e-08,,,0.013156,0.994259,-0.000584,0.000000,0.000000,0.000000,0.000000
22.624113,319,^,0.769375,0.434853,1.023055,1.023320,-0.011593,2.053087828420e-08,3.191925838394e-08,,,0.013242,0.994264,-0.000585,0.000000,0.000000,0.000000,0.000000
22.695035,320,^,0.749032,0.447477,1.024213,1.024506,-0.012179,2.069879699328e-08,3.284095471128e-08,,,0.013343,0.994277,-0.000586,0.000000,0.000000,0.000000,0.000000
22.765957,321,^,0.728024,0.459186,1.025372,1.025694,-0.012766,2.076810823071e-08,3.285980960155e-08,,,0.013457,0.994299,-0.000587,0.000000,0.000000,0.000000,0.000000
22.836879,322,^,0.706403,0.469937,1.026533,1.026885,-0.013354,2.075519385584e-08,3.287866449182e-08,,,0.013585,0.994327,-0.000588,0.000000,0.000000,0.000000,0.000000
22.907801,323,^,0.684219,0.479691,1.027696,1.028080,-0.013943,2.067960580603e-08,3.379611864681e-08,,,0.013724,0.994363,-0.000589,0.000000,0.000000,0.000000,0.000000
22.978723,324,^,0.661527,0.488413,1.028860,1.029277,-0.014534,2.056313841134e-08,3.471357280180e-08,,,0.013873,0.994405,-0.000590,0.000000,0.000000,0.000000,0.000000
23.049645,325,^,0.638381,0.496074,1.030026,1.030477,-0.015125,2.042880242807e-08,3.488552025368e-08,,,0.014031,0.994452,-0.000591,0.000000,0.000000,0.000000,0.000000
23.120567,326,^,0.614836,0.502646,1.031193,1.031680,-0.015718,2.029974352951e-08,3.505746770557e-08,,,0.014195,0.994504,-0.000593,0.000000,0.000000,0.000000,0.000000
23.191489,327,^,0.590951,0.508105,1.032362,1.032886,-0.016311,2.019815049840e-08,3.577212254202e-08,,,0.014364,0.994560,-0.000594,0.000000,0.000000,0.000000,0.000000
23.262411,328,^,0.566783,0.512433,1.033533,1.034095,-0.016906,2.014419908495e-08,3.648677737692e-08,,,0.014536,0.994618,-0.000595,0.000000,0.000000,0.000000,0.000000
23.333333,329,^,0.542390,0.515613,1.034705,1.035307,-0.017502,2.015507637934e-08,3.686751307024e-08,,,0.014710,0.994678,-0.000596,0.000000,0.000000,0.000000,0.000000
23.404255,330,^,0.517833,0.517632,1.035878,1.036522,-0.018099,2.024412762287e-08,3.724824876200e-08,,,0.014882,0.994739,-0.000597,0.000000,0.000000,0.000000,0.000000
23.475177,331,^,0.493171,0.518482,1.037053,1.037740,-0.018697,2.042016274608e-08,3.771557824603e-08,,,0.015053,0.994801,-0.000598,0.000000,0.000000,0.000000,0.000000
23.546099,332,^,0.468466,0.518156,1.038230,1.038961,-0.019297,2.068695374072e-08,3.818290773007e-08,,,0.015219,0.994861,-0.000599,0.000000,0.000000,0.000000,0.000000
23.617021,333,^,0.443777,0.516654,1.039408,1.040185,-0.019897,2.104294647527e-08,3.879068473987e-08,,,0.015380,0.994919,-0.000600,0.000000,0.000000,0.000000,0.000000
23.687943,334,^,0.419166,0.513976,1.040588,1.041412,-0.020499,2.148120203561e-08,3.939846174811e-08,,,0.015533,0.994975,-0.000602,0.000000,0.000000,0.000000,0.000000
23.758865,335,^,0.394693,0.510129,1.041769,1.042642,-0.021101,2.198957344057e-08,3.959266829072e-08,,,0.015678,0.995028,-0.000603,0.000000,0.000000,0.000000,0.000000
23.829787,336,^,0.370420,0.505120,1.042952,1.043875,-0.021705,2.255111400657e-08,3.978687483334e-08,,,0.015813,0.995078,-0.000604,0.000000,0.000000,0.000000,0.000000
23.900709,337,^,0.346406,0.498963,1.044137,1.045111,-0.022310,2.314470409247e-08,4.053543357422e-08,,,0.015937,0.995123,-0.000605,0.000000,0.000000,0.000000,0.000000
23.971631,338,^,0.322712,0.491675,1.045323,1.046350,-0.022916,2.374587382312e-08,4.128399231666e-08,,,0.016050,0.995163,-0.000606,0.000000,0.000000,0.000000,0.000000
24.042553,339,^,0.299396,0.483275,1.046511,1.047592,-0.023524,2.432779103529e-08,4.138889876328e-08,,,0.016150,0.995199,-0.000607,0.000000,0.000000,0.000000,0.000000
24.113475,340,^,0.276518,0.473787,1.047700,1.048837,-0.024132,2.486237644840e-08,4.149380520989e-08,,,0.016237,0.995229,-0.000608,0.000000,0.000000,0.000000,0.000000
24.184397,341,^,0.254133,0.463241,1.048891,1.050086,-0.024742,2.532150223331e-08,4.207693742731e-08,,,0.016311,0.995253,-0.000610,0.000000,0.000000,0.000000,0.000000
24.255319,342,^,0.232300,0.451669,1.050083,1.051337,-0.025352,2.567822597429e-08,4.266006964472e-08,,,0.016373,0.995272,-0.000611,0.000000,0.000000,0.000000,0.000000
24.326241,343,^,0.211072,0.439109,1.051277,1.052592,-0.025964,2.590800967053e-08,4.309041270864e-08,,,0.016422,0.995284,-0.000612,0.000000,0.000000,0.000000,0.000000
24.397163,344,^,0.190504,0.425602,1.052472,1.053849,-0.026577,2.598987300361e-08,4.352075577256e-08,,,0.016459,0.995291,-0.000613,0.000000,0.000000,0.000000,0.000000
24.468085,345,^,0.170648,0.411196,1.053670,1.055110,-0.027192,2.590743162853e-08,4.371111349976e-08,,,0.016486,0.995291,-0.000614,0.000000,0.000000,0.000000,0.000000
24.539007,346,^,0.151556,0.395946,1.054868,1.056374,-0.027807,2.564977466293e-08,4.390147122696e-08,,,0.016502,0.995284,-0.000615,0.000000,0.000000,0.000000,0.000000
24.609929,347,^,0.133274,0.379911,1.056069,1.057641,-0.028424,2.521214070363e-08,4.433702160700e-08,,,0.016509,0.995271,-0.000617,0.000000,0.000000,0.000000,0.000000
24.680851,348,^,0.115852,0.363161,1.057271,1.058911,-0.029041,2.459635835653e-08,4.477257198704e-08,,,0.016509,0.995252,-0.000618,0.000000,0.000000,0.000000,0.000000
24.751773,349,^,0.099333,0.345772,1.058474,1.060184,-0.029660,2.381102511675e-08,4.477884019634e-08,,,0.016504,0.995226,-0.000619,0.000000,0.000000,0.000000,0.000000
24.822695,350,^,0.083762,0.327835,1.059679,1.061460,-0.030280,2.287140711002e-08,4.478510840564e-08,,,0.016495,0.995194,-0.000620,0.000000,0.000000,0.000000,0.000000
24.893617,351,^,0.069178,0.309454,1.060886,1.062739,-0.030902,2.179905131228e-08,4.489012337440e-08,,,0.016485,0.995156,-0.000621,0.000000,0.000000,0.000000,0.000000
24.964539,352,^,0.055619,0.290752,1.062094,1.064022,-0.031524,2.062111108102e-08,4.499513834316e-08,,,0.016474,0.995113,-0.000622,0.000000,0.000000,0.000000,0.000000
25.035461,353,^,0.043123,0.271877,1.063304,1.065308,-0.032148,1.936939511836e-08,4.510222893874e-08,,,0.016466,0.995065,-0.000624,0.000000,0.000000,0.000000,0.000000
25.106383,354,^,0.031722,0.253009,1.064515,1.066597,-0.032773,1.807916007868e-08,4.520931953432e-08,,,0.016462,0.995012,-0.000625,0.000000,0.000000,0.000000,0.000000
25.177305,355,^,0.021446,0.234373,1.065729,1.067889,-0.033398,1.678768050815e-08,4.527373811996e-08,,,0.016464,0.994957,-0.000626,0.000000,0.000000,0.000000,0.000000
25.248227,356,^,0.012325,0.216253,1.066943,1.069184,-0.034026,1.553265312836e-08,4.533815670561e-08,,,0.016473,0.994900,-0.000627,0.000000,0.000000,0.000000,0.000000
25.319149,357,^,0.004384,0.199012,1.068160,1.070482,-0.034654,1.435053887898e-08,4.540248342300e-08,,,0.016489,0.994843,-0.000628,0.000000,0.000000,0.000000,0.000000
25.390071,358,^,0.000000,0.182683,1.064656,1.066747,-0.032845,1.341228102512e-08,4.546681014040e-08,,,0.016514,0.994783,0.001809,0.000000,0.000000,0.000000,0.000000
25.460993,359,^,0.000000,0.167849,1.054843,1.056347,-0.027794,1.288146874994e-08,4.565823676257e-08,,,0.016549,0.994726,0.005051,0.000000,0.000000,0.000000,0.000000
25.531915,360,&,0.000000,0.167954,1.054910,1.056417,-0.027828,1.226829318921e-08,4.584966338473e-08,,,0.016516,0.994750,-0.000034,0.000000,0.000000,0.000000,0.000000
25.602837,361,&,0.000000,0.168060,1.054977,1.056488,-0.027863,1.182393858175e-08,4.588912084968e-08,,,0.016426,0.994735,-0.000035,0.000000,0.000000,0.000000,0.000000
25.673759,362,&,0.000000,0.168166,1.055044,1.056559,-0.027898,1.154901298409e-08,4.592857831463e-08,,,0.016299,0.994695,-0.000035,0.000000,0.000000,0.000000,0.000000
25.744681,363,&,0.000000,0.168271,1.055112,1.056630,-0.027932,1.142738385843e-08,4.622970429319e-08,,,0.016156,0.994647,-0.000035,0.000000,0.000000,0.000000,0.000000
25.815603,364,&,0.000000,0.168377,1.055179,1.056702,-0.027967,1.142584146131e-08,4.622970429319e-08,,,0.016024,0.994616,-0.000035,0.000000,0.000000,0.000000,0.000000
25.886525,365,&,0.000000,0.168483,1.055247,1.056773,-0.028002,1.150142806268e-08,4.622970429319e-08,,,0.015926,0.994624,-0.000035,0.000000,0.000000,0.000000,0.000000
25.957447,366,&,0.000000,0.168589,1.055315,1.056844,-0.028036,1.161247015898e-08,4.622970429319e-08,,,0.015883,0.994688,-0.000035,0.000000,0.000000,0.000000,0.000000
26.028369,367,&,0.000000,0.168695,1.055382,1.056916,-0.028071,1.172648007309e-08,4.622970429319e-08,,,0.015908,0.994813,-0.000035,0.000000,0.000000,0.000000,0.000000
26.099291,368,&,0.000000,0.168801,1.055450,1.056987,-0.028106,1.182208605362e-08,4.622970429319e-08,,,0.016009,0.994996,-0.000035,0.000000,0.000000,0.000000,0.000000
26.170213,369,&,0.000000,0.168907,1.055518,1.057059,-0.028141,1.188697619334e-08,4.622970429319e-08,,,0.016187,0.995228,-0.000035,0.000000,0.000000,0.000000,0.000000
26.241135,370,&,0.000000,0.169013,1.055586,1.057131,-0.028176,1.191482479934e-08,4.622970429319e-08,,,0.016439,0.995495,-0.000035,0.000000,0.000000,0.000000,0.000000
26.312057,371,&,0.000000,0.169119,1.055654,1.057203,-0.028211,1.190279728702e-08,4.622970429319e-08,,,0.016759,0.995783,-0.000035,0.000000,0.000000,0.000000,0.000000
26.382979,372,&,0.000000,0.169226,1.055722,1.057275,-0.028246,1.184996055922e-08,4.622970429319e-08,,,0.017137,0.996078,-0.000035,0.000000,0.000000,0.000000,0.000000
26.453901,373,&,0.000000,0.169332,1.055790,1.057347,-0.028281,1.175640280943e-08,4.622970429241e-08,,,0.017563,0.996370,-0.000035,0.000000,0.000000,0.000000,0.000000
26.524823,374,&,0.000000,0.169438,1.055859,1.057419,-0.028316,1.162279369990e-08,4.622970428827e-08,,,0.018022,0.996649,-0.000035,0.000000,0.000000,0.000000,0.000000
26.595745,375,&,0.000000,0.169545,1.055927,1.057491,-0.028351,1.145018546160e-08,4.622968614983e-08,,,0.018502,0.996911,-0.000035,0.000000,0.000000,0.000000,0.000000
26.666667,376,&,0.000000,0.169651,1.055996,1.057563,-0.028386,1.123993394132e-08,4.622953977295e-08,,,0.018988,0.997153,-0.000035,0.000000,0.000000,0.000000,0.000000
26.737589,377,&,0.000000,0.169758,1.056064,1.057636,-0.028421,1.099367326019e-08,4.622905233863e-08,,,0.019468,0.997372,-0.000035,0.000000,0.000000,0.000000,0.000000
26.808511,378,&,0.000000,0.169865,1.056133,1.057708,-0.028457,1.071331001711e-08,4.622857037111e-08,,,0.019926,0.997569,-0.000035,0.000000,0.000000,0.000000,0.000000
26.879433,379,&,0.000000,0.169972,1.056201,1.057781,-0.028492,1.040102056898e-08,4.622712932052e-08,,,0.020351,0.997745,-0.000035,0.000000,0.000000,0.000000,0.000000
26.950355,380,&,0.000000,0.170078,1.056270,1.057853,-0.028527,1.005924408565e-08,4.622478565215e-08,,,0.020729,0.997901,-0.000035,0.000000,0.000000,0.000000,0.000000
27.021277,381,&,0.000000,0.170185,1.056339,1.057926,-0.028563,9.690668692915e-09,4.622183044308e-08,,,0.021050,0.998038,-0.000035,0.000000,0.000000,0.000000,0.000000
27.092199,382,&,0.000000,0.170292,1.056408,1.057999,-0.028598,9.298210262412e-09,4.621510523823e-08,,,0.021305,0.998158,-0.000035,0.000000,0.000000,0.000000,0.000000
27.163121,383,&,0.000000,0.170399,1.056477,1.058072,-0.028634,8.884984446914e-09,4.620933533726e-08,,,0.021483,0.998263,-0.000035,0.000000,0.000000,0.000000,0.000000
27.234043,384,&,0.000000,0.170506,1.056546,1.058145,-0.028669,8.454272998020e-09,4.619818713079e-08,,,0.021578,0.998354,-0.000036,0.000000,0.000000,0.000000,0.000000
27.304965,385,&,0.000000,0.170614,1.056615,1.058218,-0.028705,8.009485549229e-09,4.618515064684e-08,,,0.021584,0.998432,-0.000036,0.000000,0.000000,0.000000,0.000000
27.375887,386,&,0.000000,0.170721,1.056685,1.058291,-0.028740,7.554118056509e-09,4.582797999738e-08,,,0.021496,0.998500,-0.000036,0.000000,0.000000,0.000000,0.000000
27.446809,387,&,0.000000,0.170828,1.056754,1.058365,-0.028776,7.091709037198e-09,4.557216120552e-08,,,0.021312,0.998557,-0.000036,0.000000,0.000000,0.000000,0.000000
27.517730,388,&,0.000000,0.170936,1.056823,1.058438,-0.028812,6.625794673226e-09,4.531640786596e-08,,,0.021031,0.998605,-0.000036,0.000000,0.000000,0.000000,0.000000
27.588652,389,&,0.000000,0.171043,1.056893,1.058511,-0.028847,6.159863763152e-09,4.521994210492e-08,,,0.020652,0.998644,-0.000036,0.000000,0.000000,0.000000,0.000000
27.659574,390,&,0.000000,0.171150,1.056963,1.058585,-0.028883,5.697313426147e-09,4.511553789371e-08,,,0.020178,0.998676,-0.000036,0.000000,0.000000,0.000000,0.000000
27.730496,391,&,0.000000,0.171258,1.057032,1.058659,-0.028919,5.241406382249e-09,4.491370906558e-08,,,0.019613,0.998699,-0.000036,0.000000,0.000000,0.000000,0.000000
27.801418,392,&,0.000000,0.171366,1.057102,1.058732,-0.028955,4.795230557030e-09,4.464207387400e-08,,,0.018960,0.998716,-0.000036,0.000000,0.000000,0.000000,0.000000
27.872340,393,&,0.000000,0.171473,1.057172,1.058806,-0.028991,4.361661684576e-09,4.447900719738e-08,,,0.018226,0.998726,-0.000036,0.000000,0.000000,0.000000,0.000000
27.943262,394,&,0.000000,0.171581,1.057242,1.058880,-0.029027,3.943329509660e-09,4.396375877091e-08,,,0.017418,0.998729,-0.000036,0.000000,0.000000,0.000000,0.000000
28.014184,395,&,0.000000,0.171689,1.057312,1.058954,-0.029063,3.542588117178e-09,4.325755849557e-08,,,0.016545,0.998725,-0.000036,0.000000,0.000000,0.000000,0.000000
28.085106,396,&,0.000000,0.171797,1.057382,1.059028,-0.029099,3.161490843960e-09,4.271714987255e-08,,,0.015615,0.998713,-0.000036,0.000000,0.000000,0.000000,0.000000
28.156028,397,&,0.000000,0.171905,1.057452,1.059103,-0.029135,2.801770154260e-09,4.220139880494e-08,,,0.014639,0.998695,-0.000036,0.000000,0.000000,0.000000,0.000000
28.226950,398,&,0.000000,0.172013,1.057523,1.059177,-0.029171,2.464822785619e-09,4.156847771235e-08,,,0.013627,0.998668,-0.000036,0.000000,0.000000,0.000000,0.000000
28.297872,399,&,0.000000,0.172121,1.057593,1.059251,-0.029207,2.151700396090e-09,4.084371594539e-08,,,0.012590,0.998632,-0.000036,0.000000,0.000000,0.000000,0.000000
28.368794,400,&,0.000000,0.172229,1.057663,1.059326,-0.029243,1.863105867203e-09,3.992363324889e-08,,,0.011540,0.998586,-0.000036,0.000000,0.000000,0.000000,0.000000
28.439716,401,&,0.000000,0.172338,1.057734,1.059400,-0.029280,1.599395339578e-09,3.922564161846e-08,,,0.010489,0.998529,-0.000036,0.000000,0.000000,0.000000,0.000000
28.510638,402,&,0.000000,0.172446,1.057804,1.059475,-0.029316,1.360585979959e-09,3.898697250544e-08,,,0.009446,0.998459,-0.000036,0.000000,0.000000,0.000000,0.000000
28.581560,403,&,0.000000,0.172554,1.057875,1.059550,-0.029352,1.146369399807e-09,3.824550192198e-08,,,0.008424,0.998374,-0.000036,0.000000,0.000000,0.000000,0.000000
28.652482,404,&,0.000000,0.172663,1.057946,1.059625,-0.029389,9.561305664723e-10,3.705745274403e-08,,,0.007432,0.998270,-0.000036,0.000000,0.000000,0.000000,0.000000
28.723404,405,&,0.000000,0.172771,1.058017,1.059700,-0.029425,7.889719683599e-10,3.649166974114e-08,,,0.006481,0.998143,-0.000036,0.000000,0.000000,0.000000,0.000000
28.794326,406,&,0.000000,0.172880,1.058088,1.059775,-0.029462,6.437427150441e-10,3.606485747591e-08,,,0.005580,0.997988,-0.000036,0.000000,0.000000,0.000000,0.000000
28.865248,407,&,0.000000,0.172988,1.058159,1.059850,-0.029498,5.190721713066e-10,3.539885970593e-08,,,0.004735,0.997797,-0.000037,0.000000,0.000000,0.000000,0.000000
28.936170,408,&,0.000000,0.173097,1.058230,1.059925,-0.029535,4.134076392668e-10,3.478877355410e-08,,,0.003955,0.997558,-0.000037,0.000000,0.000000,0.000000,0.000000
29.007092,409,&,0.000000,0.173206,1.058301,1.060001,-0.029571,3.250555130180e-10,3.438758882782e-08,,,0.003244,0.997258,-0.000037,0.000000,0.000000,0.000000,0.000000
29.078014,410,&,0.000000,0.173315,1.058372,1.060076,-0.029608,2.522252320218e-10,3.351667646938e-08,,,0.002607,0.996873,-0.000037,0.000000,0.000000,0.000000,0.000000
29.148936,411,&,0.000000,0.173424,1.058444,1.060152,-0.029645,1.930752476383e-10,3.285193575144e-08,,,0.002046,0.996369,-0.000037,0.000000,0.000000,0.000000,0.000000
29.219858,412,&,0.000000,0.173533,1.058515,1.060227,-0.029682,1.457600834655e-10,3.213503421813e-08,,,0.001562,0.995690,-0.000037,0.000000,0.000000,0.000000,0.000000
29.290780,413,&,0.000000,0.173642,1.058587,1.060303,-0.029718,1.084774026051e-10,3.122042820316e-08,,,0.001153,0.994746,-0.000037,0.000000,0.000000,0.000000,0.000000
29.361702,414,&,0.000000,0.173751,1.058658,1.060379,-0.029755,7.951377620965e-11,3.080456640477e-08,,,0.000818,0.993374,-0.000037,0.000000,0.000000,0.000000,0.000000
29.432624,415,&,0.000000,0.173860,1.058730,1.060455,-0.029792,5.728755387232e-11,2.984979802137e-08,,,0.000552,0.991262,-0.000037,0.000000,0.000000,0.000000,0.000000
29.503546,416,&,0.000000,0.173970,1.058802,1.060531,-0.029829,4.038683811585e-11,2.892857339962e-08,,,0.000350,0.987749,-0.000037,0.000000,0.000000,0.000000,0.000000
29.574468,417,&,0.000000,0.174079,1.058874,1.060607,-0.029866,2.760003448374e-11,2.858134618532e-08,,,0.000205,0.981213,-0.000037,0.000000,0.000000,0.000000,0.000000
29.645390,418,&,0.000000,0.174188,1.058946,1.060683,-0.029903,1.793578457444e-11,2.777493145290e-08,,,0.000107,0.966840,-0.000037,0.000000,0.000000,0.000000,0.000000
29.716312,419,&,0.000000,0.174298,1.059018,1.060759,-0.029940,1.062838760240e-11,2.667345774569e-08,,,0.000048,0.926231,-0.000037,0.000000,0.000000,0.000000,0.000000
29.787234,420,&,0.000000,0.174407,1.059090,1.060836,-0.029977,5.124434379830e-12,2.617916586075e-08,,,0.000017,0.784620,-0.000037,0.000000,0.000000,0.000000,0.000000
29.858156,421,&,0.000000,0.174517,1.059162,1.060912,-0.030014,1.047257516104e-12,2.570045193788e-08,,,0.000006,0.648310,-0.000037,0.000000,0.000000,0.000000,0.000000
29.929078,422,&,0.000000,0.174627,1.059235,1.060989,-0.030052,0.000000000000e+00,2.462526713926e-08,,,0.000004,1.000000,-0.000037,0.000000,0.000000,0.000000,0.000000
30.000000,423,&,0.000000,0.174736,1.059307,1.061066,-0.030089,0.000000000000e+00,2.383979478409e-08,,,0.000004,1.000000,-0.000037,0.000000,0.000000,0.000000,0.000000
30.070922,424,&,0.000000,0.174846,1.059379,1.061142,-0.030126,0.000000000000e+00,2.348864291278e-08,,,0.000004,1.000000,-0.000037,0.000000,0.000000,0.000000,0.000000
30.141844,425,&,0.000000,0.174956,1.059452,1.061219,-0.030164,0.000000000000e+00,2.260818094293e-08,,,0.000004,1.000000,-0.000037,0.000000,0.000000,0.000000,0.000000
30.212766,426,&,0.000000,0.175066,1.059525,1.061296,-0.030201,0.000000000000e+00,2.166525438923e-08,,,0.000004,1.000000,-0.000037,0.000000,0.000000,0.000000,0.000000
30.283688,427,&,0.000000,0.175176,1.059597,1.061373,-0.030238,0.000000000000e+00,2.134349218163e-08,,,0.000004,1.000000,-0.000037,0.000000,0.000000,0.000000,0.000000
30.354610,428,&,0.000000,0.175286,1.059670,1.061451,-0.030276,0.000000000000e+00,2.054772496642e-08,,,0.000004,1.000000,-0.000037,0.000000,0.000000,0.000000,0.000000
30.425532,429,&,0.000000,0.175396,1.059743,1.061528,-0.030313,0.000000000000e+00,1.971311057137e-08,,,0.000004,1.000000,-0.000038,0.000000,0.000000,0.000000,0.000000
30.496454,430,&,0.000000,0.175507,1.059816,1.061605,-0.030351,0.000000000000e+00,1.927762848836e-08,,,0.000004,1.000000,-0.000038,0.000000,0.000000,0.000000,0.000000
30.567376,431,&,0.000000,0.175617,1.059889,1.061683,-0.030389,0.000000000000e+00,1.841167395991e-08,,,0.000004,1.000000,-0.000038,0.000000,0.000000,0.000000,0.000000
30.638298,432,&,0.000000,0.175727,1.059962,1.061760,-0.030426,0.000000000000e+00,1.782412032746e-08,,,0.000004,1.000000,-0.000038,0.000000,0.000000,0.000000,0.000000
30.709220,433,&,0.000000,0.175838,1.060036,1.061838,-0.030464,0.000000000000e+00,1.730223536222e-08,,,0.000004,1.000000,-0.000038,0.000000,0.000000,0.000000,0.000000
30.780142,434,&,0.000000,0.175948,1.060109,1.061916,-0.030502,0.000000000000e+00,1.643778728179e-08,,,0.000004,1.000000,-0.000038,0.000000,0.000000,0.000000,0.000000
30.851064,435,&,0.000000,0.176059,1.060183,1.061993,-0.030540,0.000000000000e+00,1.600926720750e-08,,,0.000004,1.000000,-0.000038,0.000000,0.000000,0.000000,0.000000
30.921986,436,&,0.000000,0.176170,1.060256,1.062071,-0.030577,0.000000000000e+00,1.537126474535e-08,,,0.000004,1.000000,-0.000038,0.000000,0.000000,0.000000,0.000000
30.992908,437,&,0.000000,0.176280,1.060330,1.062149,-0.030615,0.000000000000e+00,1.459912547461e-08,,,0.000004,1.000000,-0.000038,0.000000,0.000000,0.000000,0.000000
31.063830,438,&,0.000000,0.176391,1.060403,1.062228,-0.030653,0.000000000000e+00,1.427829893625e-08,,,0.000004,1.000000,-0.000038,0.000000,0.000000,0.000000,0.000000
31.134752,439,&,0.000000,0.176502,1.060477,1.062306,-0.030691,0.000000000000e+00,1.352874900677e-08,,,0.000004,1.000000,-0.000038,0.000000,0.000000,0.000000,0.000000
31.205674,440,&,0.000000,0.176613,1.060551,1.062384,-0.030729,0.000000000000e+00,1.287277227719e-08,,,0.000004,1.000000,-0.000038,0.000000,0.000000,0.000000,0.000000
31.276596,441,&,0.000000,0.176724,1.060625,1.062463,-0.030767,0.000000000000e+00,1.263962568231e-08,,,0.000004,1.000000,-0.000038,0.000000,0.000000,0.000000,0.000000
31.347518,442,&,0.000000,0.176835,1.060699,1.062541,-0.030805,0.000000000000e+00,1.189700522162e-08,,,0.000004,1.000000,-0.000038,0.000000,0.000000,0.000000,0.000000
31.418440,443,&,0.000000,0.176946,1.060773,1.062620,-0.030844,0.000000000000e+00,1.126436822985e-08,,,0.000004,1.000000,-0.000038,0.000000,0.000000,0.000000,0.000000
31.489362,444,&,0.000000,0.177057,1.060847,1.062699,-0.030882,0.000000000000e+00,1.101451311299e-08,,,0.000004,1.000000,-0.000038,0.000000,0.000000,0.000000,0.000000
31.560284,445,&,0.000000,0.177169,1.060922,1.062777,-0.030920,0.000000000000e+00,1.040482096829e-08,,,0.000004,1.000000,-0.000038,0.000000,0.000000,0.000000,0.000000
31.631206,446,&,0.000000,0.177280,1.060996,1.062856,-0.030958,0.000000000000e+00,9.777817475648e-09,,,0.000004,1.000000,-0.000038,0.000000,0.000000,0.000000,0.000000
31.702128,447,&,0.000000,0.177391,1.061071,1.062935,-0.030997,0.000000000000e+00,9.484220976031e-09,,,0.000004,1.000000,-0.000038,0.000000,0.000000,0.000000,0.000000
31.773050,448,&,0.000000,0.177503,1.061145,1.063015,-0.031035,0.000000000000e+00,9.019570082829e-09,,,0.000004,1.000000,-0.000038,0.000000,0.000000,0.000000,0.000000
31.843972,449,&,0.000000,0.177615,1.061220,1.063094,-0.031074,0.000000000000e+00,8.415299065410e-09,,,0.000004,1.000000,-0.000038,0.000000,0.000000,0.000000,0.000000
31.914894,450,&,0.000000,0.177726,1.061295,1.063173,-0.031112,0.000000000000e+00,8.088119208490e-09,,,0.000004,1.000000,-0.000039,0.000000,0.000000,0.000000,0.000000
31.985816,451,&,0.000000,0.177838,1.061369,1.063253,-0.031151,0.000000000000e+00,7.744553166455e-09,,,0.000004,1.000000,-0.000039,0.000000,0.000000,0.000000,0.000000
32.056738,452,&,0.000000,0.177950,1.061444,1.063332,-0.031189,0.000000000000e+00,7.177306097263e-09,,,0.000004,1.000000,-0.000039,0.000000,0.000000,0.000000,0.000000
32.127660,453,&,0.000000,0.178061,1.061519,1.063412,-0.031228,0.000000000000e+00,6.826356269518e-09,,,0.000004,1.000000,-0.000039,0.000000,0.000000,0.000000,0.000000
32.198582,454,&,0.000000,0.178173,1.061595,1.063492,-0.031267,0.000000000000e+00,6.581562520113e-09,,,0.000004,1.000000,-0.000039,0.000000,0.000000,0.000000,0.000000
32.269504,455,&,0.000000,0.178285,1.061670,1.063571,-0.031305,0.000000000000e+00,6.062712149433e-09,,,0.000004,1.000000,-0.000039,0.000000,0.000000,0.000000,0.000000
32.340426,456,&,0.000000,0.178397,1.061745,1.063651,-0.031344,0.000000000000e+00,5.697356397823e-09,,,0.000004,1.000000,-0.000039,0.000000,0.000000,0.000000,0.000000
32.411348,457,&,0.000000,0.178510,1.061820,1.063731,-0.031383,0.000000000000e+00,5.530906862407e-09,,,0.000004,1.000000,-0.000039,0.000000,0.000000,0.000000,0.000000
32.482270,458,&,0.000000,0.178622,1.061896,1.063811,-0.031422,0.000000000000e+00,5.068864069081e-09,,,0.000004,1.000000,-0.000039,0.000000,0.000000,0.000000,0.000000
32.553191,459,&,0.000000,0.178734,1.061971,1.063892,-0.031461,0.000000000000e+00,4.697909595822e-09,,,0.000004,1.000000,-0.000039,0.000000,0.000000,0.000000,0.000000
32.624113,460,&,0.000000,0.178846,1.062047,1.063972,-0.031500,0.000000000000e+00,4.591459334008e-09,,,0.000004,1.000000,-0.000039,0.000000,0.000000,0.000000,0.000000
32.695035,461,&,0.000000,0.178959,1.062123,1.064053,-0.031539,0.000000000000e+00,4.191699788398e-09,,,0.000004,1.000000,-0.000039,0.000000,0.000000,0.000000,0.000000
32.765957,462,&,0.000000,0.179071,1.062199,1.064133,-0.031578,0.000000000000e+00,3.823289309458e-09,,,0.000004,1.000000,-0.000039,0.000000,0.000000,0.000000,0.000000
32.836879,463,&,0.000000,0.179184,1.062275,1.064214,-0.031617,0.000000000000e+00,3.760728099695e-09,,,0.000004,1.000000,-0.000039,0.000000,0.000000,0.000000,0.000000
32.907801,464,&,0.000000,0.179296,1.062351,1.064294,-0.031656,0.000000000000e+00,3.425889449289e-09,,,0.000004,1.000000,-0.000039,0.000000,0.000000,0.000000,0.000000
32.978723,465,&,0.000000,0.179409,1.062427,1.064375,-0.031696,0.000000000000e+00,3.081991322249e-09,,,0.000004,1.000000,-0.000039,0.000000,0.000000,0.000000,0.000000
33.049645,466,&,0.000000,0.179522,1.062503,1.064456,-0.031735,0.000000000000e+00,3.034948575383e-09,,,0.000004,1.000000,-0.000039,0.000000,0.000000,0.000000,0.000000
33.120567,467,&,0.000000,0.179635,1.062579,1.064537,-0.031774,0.000000000000e+00,2.750402684854e-09,,,0.000004,1.000000,-0.000039,0.000000,0.000000,0.000000,0.000000
33.191489,468,&,0.000000,0.179748,1.062656,1.064618,-0.031813,0.000000000000e+00,2.466721214113e-09,,,0.000004,1.000000,-0.000039,0.000000,0.000000,0.000000,0.000000
33.262411,469,&,0.000000,0.179861,1.062732,1.064700,-0.031853,0.000000000000e+00,2.466721214113e-09,,,0.000004,1.000000,-0.000039,0.000000,0.000000,0.000000,0.000000
33.333333,470,&,0.000000,0.179974,1.062809,1.064781,-0.031892,0.000000000000e+00,2.466721214113e-09,,,0.000004,1.000000,-0.000039,0.000000,0.000000,0.000000,0.000000
33.404255,471,&,0.000000,0.180087,1.062885,1.064863,-0.031932,0.000000000000e+00,2.466721214113e-09,,,0.000004,1.000000,-0.000040,0.000000,0.000000,0.000000,0.000000
33.475177,472,&,0.000000,0.180200,1.062962,1.064944,-0.031971,0.000000000000e+00,2.466721214113e-09,,,0.000004,1.000000,-0.000040,0.000000,0.000000,0.000000,0.000000
33.546099,473,&,0.000000,0.180313,1.063039,1.065026,-0.032011,0.000000000000e+00,2.466721214113e-09,,,0.000004,1.000000,-0.000040,0.000000,0.000000,0.000000,0.000000
33.617021,474,&,0.000000,0.180427,1.063116,1.065108,-0.032051,0.000000000000e+00,2.466721214113e-09,,,0.000004,1.000000,-0.000040,0.000000,0.000000,0.000000,0.000000
33.687943,475,&,0.000000,0.180540,1.063193,1.065189,-0.032090,0.000000000000e+00,2.466721214113e-09,,,0.000004,1.000000,-0.000040,0.000000,0.000000,0.000000,0.000000
33.758865,476,&,0.000000,0.180654,1.063270,1.065271,-0.032130,0.000000000000e+00,2.466721214113e-09,,,0.000004,1.000000,-0.000040,0.000000,0.000000,0.000000,0.000000
33.829787,477,&,0.000000,0.180767,1.063347,1.065353,-0.032170,0.000000000000e+00,2.466721214113e-09,,,0.000004,1.000000,-0.000040,0.000000,0.000000,0.000000,0.000000
33.900709,478,&,0.000000,0.180881,1.063424,1.065436,-0.032210,0.000000000000e+00,2.466721214113e-09,,,0.000004,1.000000,-0.000040,0.000000,0.000000,0.000000,0.000000
33.971631,479,&,0.000000,0.180994,1.063502,1.065518,-0.032250,0.000000000000e+00,2.466721214113e-09,,,0.000004,1.000000,-0.000040,0.000000,0.000000,0.000000,0.000000
34.042553,480,^,0.008959,0.205754,1.064811,1.066911,-0.032925,2.035861780017e-18,2.466721214113e-09,,,0.000016,0.668287,-0.000675,0.000000,0.000000,0.000000,0.000000
34.113475,481,^,0.019151,0.230082,1.066121,1.068307,-0.033601,2.859857578774e-13,2.466721214113e-09,,,0.000058,0.912312,-0.000676,0.000000,0.000000,0.000000,0.000000
34.184397,482,^,0.030553,0.253915,1.067433,1.069707,-0.034279,1.691803033676e-12,2.466721214113e-09,,,0.000144,0.962570,-0.000678,0.000000,0.000000,0.000000,0.000000
34.255319,483,^,0.043140,0.277190,1.068747,1.071110,-0.034958,5.553800927464e-12,2.466721214113e-09,,,0.000288,0.978329,-0.000679,0.000000,0.000000,0.000000,0.000000
34.326241,484,^,0.056884,0.299845,1.070062,1.072517,-0.035638,1.365894642236e-11,2.466721214113e-09,,,0.000502,0.985552,-0.000680,0.000000,0.000000,0.000000,0.000000
34.397163,485,^,0.071755,0.321822,1.071379,1.073927,-0.036319,2.818778640550e-11,2.466721214113e-09,,,0.000793,0.989542,-0.000681,0.000000,0.000000,0.000000,0.000000
34.468085,486,^,0.087717,0.343064,1.072698,1.075340,-0.037002,5.165324951709e-11,2.466721214113e-09,,,0.001170,0.992000,-0.000683,0.000000,0.000000,0.000000,0.000000
34.539007,487,^,0.104735,0.363516,1.074018,1.076758,-0.037686,8.683618919255e-11,2.466721214113e-09,,,0.001637,0.993627,-0.000684,0.000000,0.000000,0.000000,0.000000
34.609929,488,^,0.122769,0.383126,1.075340,1.078178,-0.038371,1.367185368457e-10,2.466721214113e-09,,,0.002195,0.994762,-0.000685,0.000000,0.000000,0.000000,0.000000
34.680851,489,^,0.141777,0.401842,1.076664,1.079602,-0.039057,2.044149299258e-10,2.466721214113e-09,,,0.002847,0.995585,-0.000686,0.000000,0.000000,0.000000,0.000000
34.751773,490,^,0.161715,0.419616,1.077989,1.081030,-0.039745,2.931036818685e-10,2.466721214113e-09,,,0.003589,0.996202,-0.000688,0.000000,0.000000,0.000000,0.000000
34.822695,491,^,0.182535,0.436402,1.079315,1.082461,-0.040434,4.059579614755e-10,2.466721214113e-09,,,0.004418,0.996674,-0.000689,0.000000,0.000000,0.000000,0.000000
34.893617,492,^,0.204190,0.452155,1.080644,1.083895,-0.041124,5.460780442799e-10,2.764997726130e-09,,,0.005329,0.997043,-0.000690,0.000000,0.000000,0.000000,0.000000
34.964539,493,^,0.226627,0.466834,1.081974,1.085334,-0.041816,7.164254862704e-10,3.081991322249e-09,,,0.006316,0.997336,-0.000692,0.000000,0.000000,0.000000,0.000000
35.035461,494,^,0.249793,0.480400,1.083305,1.086775,-0.042508,9.197600501537e-10,3.195456646759e-09,,,0.007368,0.997571,-0.000693,0.000000,0.000000,0.000000,0.000000
35.106383,495,^,0.273633,0.492817,1.084639,1.088221,-0.043202,1.158580185867e-09,3.506907068209e-09,,,0.008477,0.997762,-0.000694,0.000000,0.000000,0.000000,0.000000
35.177305,496,^,0.298089,0.504050,1.085974,1.089669,-0.043898,1.435067830293e-09,3.799901080502e-09,,,0.009631,0.997917,-0.000695,0.000000,0.000000,0.000000,0.000000
35.248227,497,^,0.323103,0.514071,1.087310,1.091122,-0.044594,1.751038246277e-09,4.080510603943e-09,,,0.010819,0.998045,-0.000697,0.000000,0.000000,0.000000,0.000000
35.319149,498,^,0.348616,0.522850,1.088649,1.092578,-0.045292,2.107895568461e-09,4.409748102076e-09,,,0.012027,0.998149,-0.000698,0.000000,0.000000,0.000000,0.000000
35.390071,499,^,0.374564,0.530363,1.089988,1.094037,-0.045992,2.506594663492e-09,4.627387548345e-09,,,0.013242,0.998234,-0.000699,0.000000,0.000000,0.000000,0.000000
