t,step,sym,C,E,rnorm,purity,S,detg,det_thr,reso_hit_freq,reso_hit_mag
0.000000,0,^,0.100000,0.019858,0.800985,0.820789,0.323999,,,,
0.070922,1,^,0.100986,0.039716,0.801972,0.821579,0.322911,,,,
0.141844,2,^,0.102958,0.059526,0.802959,0.822372,0.321820,,,,
0.212766,3,^,0.105913,0.079237,0.803948,0.823166,0.320724,,,,
0.283688,4,^,0.109847,0.098801,0.804938,0.823963,0.319623,,,,
0.354610,5,^,0.114752,0.118171,0.805930,0.824761,0.318519,,,,
0.425532,6,^,0.120618,0.137297,0.806922,0.825562,0.317411,,,,
0.496454,7,^,0.127434,0.156131,0.807916,0.826364,0.316298,,,,
0.567376,8,^,0.135186,0.174627,0.808911,0.827169,0.315181,,,,
0.638298,9,^,0.143855,0.192739,0.809907,0.827975,0.314060,,,,
0.709220,10,^,0.153424,0.210420,0.810905,0.828783,0.312935,,,,
0.780142,11,^,0.163870,0.227626,0.811904,0.829594,0.311805,,,,
0.851064,12,^,0.175170,0.244313,0.812903,0.830406,0.310671,,,,
0.921986,13,^,0.187299,0.260439,0.813905,0.831220,0.309533,,,,
0.992908,14,^,0.200229,0.275963,0.814907,0.832037,0.308390,,,,
1.063830,15,^,0.213929,0.290846,0.815911,0.832855,0.307243,,,,
1.134752,16,^,0.228369,0.305048,0.816915,0.833675,0.306092,,,,
1.205674,17,^,0.243513,0.318533,0.817922,0.834498,0.304936,,,,
1.276596,18,^,0.259326,0.331266,0.818929,0.835322,0.303775,,,,
1.347518,19,^,0.275772,0.343215,0.819937,0.836149,0.302610,,,,
1.418440,20,^,0.292811,0.354346,0.820947,0.836977,0.301441,,,,
1.489362,21,^,0.310403,0.364632,0.821958,0.837808,0.300267,,,,
1.560284,22,^,0.328505,0.374045,0.822971,0.838640,0.299088,,,,
1.631206,23,^,0.347075,0.382559,0.823984,0.839475,0.297904,,,,
1.702128,24,^,0.366067,0.390151,0.824999,0.840312,0.296716,,,,
1.773050,25,^,0.385436,0.396800,0.826015,0.841150,0.295524,,,,
1.843972,26,^,0.405136,0.402488,0.827032,0.841991,0.294326,,,,
1.914894,27,^,0.425117,0.407197,0.828051,0.842834,0.293124,,,,
1.985816,28,^,0.445333,0.410915,0.829071,0.843679,0.291917,,,,
2.056738,29,^,0.465733,0.413629,0.830092,0.844526,0.290705,,,,
2.127660,30,^,0.486268,0.415330,0.831114,0.845375,0.289489,,,,
2.198582,31,^,0.506887,0.416012,0.832138,0.846227,0.288267,,,,
2.269504,32,^,0.527540,0.415670,0.833162,0.847080,0.287041,,,,
2.340426,33,^,0.548176,0.414303,0.834189,0.847935,0.285809,,,,
2.411348,34,^,0.568744,0.411911,0.835216,0.848793,0.284573,,,,
2.482270,35,^,0.589194,0.408498,0.836245,0.849652,0.283332,,,,
2.553191,36,^,0.609474,0.404070,0.837274,0.850514,0.282085,,,,
2.624113,37,^,0.629534,0.398635,0.838306,0.851378,0.280834,,,,
2.695035,38,^,0.649324,0.392204,0.839338,0.852244,0.279577,,,,
2.765957,39,^,0.668796,0.384791,0.840372,0.853112,0.278315,,,,
2.836879,40,^,0.687899,0.376411,0.841407,0.853983,0.277048,,,,
2.907801,41,^,0.706586,0.367083,0.842443,0.854855,0.275776,,,,
2.978723,42,^,0.724810,0.356827,0.843481,0.855730,0.274498,,,,
3.049645,43,^,0.742524,0.345666,0.844519,0.856606,0.273215,,,,
3.120567,44,^,0.759685,0.333626,0.845559,0.857485,0.271927,,,,
3.191489,45,^,0.776248,0.320734,0.846601,0.858366,0.270634,,,,
3.262411,46,^,0.792171,0.307019,0.847643,0.859250,0.269335,,,,
3.333333,47,^,0.807413,0.292514,0.848687,0.860135,0.268030,,,,
3.404255,48,^,0.821935,0.277253,0.849733,0.861023,0.266720,,,,
3.475177,49,^,0.835700,0.261270,0.850779,0.861913,0.265405,,,,
3.546099,50,^,0.848670,0.244604,0.851827,0.862805,0.264084,,,,
3.617021,51,^,0.860814,0.227294,0.852876,0.863699,0.262757,,,,
3.687943,52,^,0.872098,0.209382,0.853926,0.864595,0.261424,,,,
3.758865,53,^,0.882493,0.190909,0.854978,0.865494,0.260086,,,,
3.829787,54,^,0.891971,0.171920,0.856031,0.866395,0.258742,,,,
3.900709,55,^,0.900506,0.152460,0.857085,0.867298,0.257392,,,,
3.971631,56,^,0.908075,0.132577,0.858141,0.868203,0.256037,,,,
4.042553,57,^,0.914656,0.112318,0.859198,0.869110,0.254675,,,,
4.113475,58,^,0.920232,0.091732,0.860256,0.870020,0.253308,,,,
4.184397,59,^,0.924786,0.070869,0.861315,0.870932,0.251934,,,,
4.255319,60,^,0.928305,0.049781,0.862376,0.871846,0.250555,,,,
4.326241,61,^,0.930776,0.028517,0.863438,0.872763,0.249169,,,,
4.397163,62,^,0.932192,0.007131,0.864502,0.873682,0.247778,,,,
4.468085,63,^,0.932546,0.014325,0.865566,0.874603,0.246380,,,,
4.539007,64,^,0.931835,0.035799,0.866632,0.875526,0.244975,9.053342295916e-09,1.000000000000e-06,,
4.609929,65,^,0.930058,0.057238,0.867700,0.876451,0.243565,9.325728124337e-09,1.000000000000e-06,,
4.680851,66,^,0.927216,0.078588,0.868768,0.877379,0.242148,9.768135199447e-09,1.000000000000e-06,,
4.751773,67,^,0.923314,0.099797,0.869838,0.878309,0.240725,1.037314239704e-08,1.000000000000e-06,,
4.822695,68,^,0.918360,0.120813,0.870909,0.879242,0.239295,1.112931866175e-08,1.000000000000e-06,,
4.893617,69,^,0.912362,0.141582,0.871982,0.880176,0.237859,1.202161527189e-08,1.000000000000e-06,,
4.964539,70,^,0.905333,0.162054,0.873056,0.881113,0.236416,1.303187983438e-08,1.000000000000e-06,,
5.035461,71,^,0.897288,0.182177,0.874131,0.882053,0.234966,1.413947298774e-08,1.000000000000e-06,,
5.106383,72,^,0.888244,0.201901,0.875208,0.882994,0.233510,1.532196480309e-08,1.000000000000e-06,,
5.177305,73,^,0.878220,0.221175,0.876286,0.883938,0.232047,1.655588475470e-08,1.000000000000e-06,,
5.248227,74,^,0.867240,0.239952,0.877365,0.884885,0.230578,1.781749701135e-08,1.000000000000e-06,,
5.319149,75,^,0.855327,0.258184,0.878445,0.885833,0.229101,1.908357176847e-08,1.000000000000e-06,,
5.390071,76,^,0.842510,0.275824,0.879527,0.886784,0.227617,2.033212344867e-08,1.000000000000e-06,,
5.460993,77,^,0.828816,0.292828,0.880610,0.887737,0.226127,2.154308784739e-08,1.000000000000e-06,,
5.531915,78,^,0.814279,0.309153,0.881695,0.888693,0.224629,2.269891265296e-08,1.000000000000e-06,,
5.602837,79,^,0.798931,0.324755,0.882781,0.889651,0.223124,2.378503913936e-08,1.000000000000e-06,,
5.673759,80,^,0.782808,0.339596,0.883868,0.890611,0.221612,2.479025709278e-08,1.000000000000e-06,,
5.744681,81,^,0.765949,0.353636,0.884957,0.891574,0.220093,2.570692002613e-08,1.000000000000e-06,,
5.815603,82,^,0.748392,0.366839,0.886047,0.892539,0.218567,2.653101326840e-08,1.000000000000e-06,,
5.886525,83,^,0.730181,0.379170,0.887138,0.893507,0.217033,2.726207337302e-08,1.000000000000e-06,,
5.957447,84,^,0.711357,0.390598,0.888230,0.894477,0.215491,2.790296324126e-08,1.000000000000e-06,,
6.028369,85,^,0.691965,0.401091,0.889324,0.895449,0.213942,2.845951316876e-08,1.000000000000e-06,,
6.099291,86,^,0.672053,0.410621,0.890420,0.896423,0.212385,2.894004346272e-08,1.000000000000e-06,,
6.170213,87,^,0.651667,0.419163,0.891516,0.897401,0.210821,2.935478912536e-08,1.000000000000e-06,,
6.241135,88,^,0.630858,0.426692,0.892614,0.898380,0.209249,2.971525115852e-08,1.000000000000e-06,,
6.312057,89,^,0.609675,0.433189,0.893713,0.899362,0.207668,3.003350214536e-08,1.000000000000e-06,,
6.382979,90,^,0.588169,0.438633,0.894814,0.900346,0.206080,3.032147577755e-08,1.000000000000e-06,,
6.453901,91,^,0.566393,0.443011,0.895916,0.901333,0.204484,3.059027082884e-08,1.000000000000e-06,,
6.524823,92,^,0.544399,0.446307,0.897020,0.902322,0.202880,3.084949968530e-08,1.000000000000e-06,,
6.595745,93,^,0.522242,0.448511,0.898124,0.903314,0.201268,3.110670993283e-08,1.000000000000e-06,,
6.666667,94,^,0.499976,0.449615,0.899230,0.904308,0.199647,3.136690472615e-08,1.000000000000e-06,,
6.737589,95,^,0.477654,0.449614,0.900338,0.905304,0.198018,3.163218381955e-08,1.000000000000e-06,,
6.808511,96,^,0.455333,0.448505,0.901447,0.906303,0.196380,3.190152237208e-08,1.000000000000e-06,,
6.879433,97,^,0.433067,0.446287,0.902557,0.907304,0.194734,3.217069912792e-08,1.000000000000e-06,,
6.950355,98,^,0.410911,0.442964,0.903668,0.908308,0.193079,3.243237953016e-08,1.000000000000e-06,,
7.021277,99,^,0.388920,0.438541,0.904781,0.909315,0.191415,3.267635298761e-08,1.000000000000e-06,,
7.092199,100,^,0.367148,0.433027,0.905896,0.910324,0.189742,3.288991713036e-08,1.000000000000e-06,,
7.163121,101,^,0.345650,0.426431,0.907011,0.911335,0.188061,3.305839571349e-08,1.000000000000e-06,,
7.234043,102,^,0.324480,0.418768,0.908128,0.912349,0.186370,3.316577111011e-08,1.000000000000e-06,,
7.304965,103,^,0.303690,0.410055,0.909247,0.913365,0.184670,3.319540730608e-08,1.000000000000e-06,,
7.375887,104,^,0.283333,0.400309,0.910367,0.914384,0.182961,3.313083517925e-08,1.000000000000e-06,,
7.446809,105,^,0.263459,0.389552,0.911488,0.915405,0.181242,3.295656879002e-08,1.000000000000e-06,,
7.517730,106,^,0.244120,0.377809,0.912610,0.916429,0.179514,3.265891956241e-08,1.000000000000e-06,,
7.588652,107,^,0.225363,0.365106,0.913734,0.917455,0.177776,3.222677468357e-08,1.000000000000e-06,,
7.659574,108,^,0.207237,0.351471,0.914860,0.918484,0.176028,3.165230683235e-08,1.000000000000e-06,,
7.730496,109,^,0.189789,0.336937,0.915986,0.919516,0.174270,3.093158445020e-08,1.000000000000e-06,,
7.801418,110,^,0.173061,0.321537,0.917115,0.920550,0.172502,3.006505512290e-08,1.000000000000e-06,,
7.872340,111,^,0.157098,0.305306,0.918244,0.921586,0.170725,2.905787913261e-08,1.000000000000e-06,,
7.943262,112,^,0.141941,0.288282,0.919375,0.922625,0.168936,2.792009570330e-08,1.000000000000e-06,,
8.014184,113,^,0.127629,0.270506,0.920507,0.923667,0.167137,2.666661069528e-08,2.128013549171e-08,,
8.085106,114,^,0.114200,0.252020,0.921641,0.924711,0.165328,2.531700127018e-08,2.173825915522e-08,,
8.156028,115,^,0.101688,0.232866,0.922776,0.925758,0.163508,2.389514008740e-08,2.292637331213e-08,,
8.226950,116,^,0.090128,0.213092,0.923912,0.926807,0.161677,2.242864863243e-08,2.383720416836e-08,,
8.297872,117,^,0.079549,0.192744,0.925050,0.927859,0.159834,2.094819604146e-08,2.561172432828e-08,,
8.368794,118,^,0.069980,0.171870,0.926190,0.928913,0.157981,1.948666600593e-08,2.584007988158e-08,,
8.439716,119,^,0.061447,0.150522,0.927330,0.929971,0.156116,1.807821976614e-08,2.650829180748e-08,,
8.510638,120,^,0.053975,0.128750,0.928472,0.931030,0.154240,1.675728761251e-08,2.717650373338e-08,,
8.581560,121,^,0.047583,0.106607,0.929616,0.932093,0.152351,1.555752452318e-08,2.920040663159e-08,,
8.652482,122,^,0.042290,0.084146,0.930761,0.933158,0.150451,1.451076743863e-08,2.978821386326e-08,,
8.723404,123,^,0.038113,0.061423,0.931907,0.934225,0.148538,1.364603212003e-08,3.205106650853e-08,,
8.794326,124,^,0.035063,0.038492,0.933055,0.935295,0.146614,1.298858652566e-08,3.336098992970e-08,,
8.865248,125,^,0.033152,0.015410,0.934204,0.936368,0.144676,1.255913519289e-08,3.383574192632e-08,,
8.936170,126,^,0.032387,0.007766,0.935354,0.937444,0.142726,1.196799363968e-08,3.417457449098e-08,,
9.007092,127,^,0.032773,0.030981,0.936506,0.938522,0.140763,1.229354800569e-08,3.647862755086e-08,,
9.078014,128,^,0.034311,0.054177,0.937660,0.939603,0.138787,1.258708761891e-08,3.878268061075e-08,,
9.148936,129,^,0.037001,0.077296,0.938814,0.940686,0.136797,1.311493000147e-08,3.926138807835e-08,,
9.219858,130,^,0.040838,0.100282,0.939971,0.941772,0.134793,1.386884781870e-08,4.112219314644e-08,,
9.290780,131,^,0.045817,0.123077,0.941128,0.942861,0.132776,1.483499902197e-08,4.227744408535e-08,,
9.361702,132,^,0.051927,0.145625,0.942287,0.943953,0.130744,1.599440265659e-08,4.266759767578e-08,,
9.432624,133,^,0.059156,0.167870,0.943448,0.945047,0.128698,1.732358819830e-08,4.460530207274e-08,,
9.503546,134,^,0.067490,0.189756,0.944610,0.946144,0.126636,1.879539447436e-08,4.483059383251e-08,,
9.574468,135,^,0.076911,0.211228,0.945773,0.947243,0.124560,2.037988843031e-08,4.443306591434e-08,,
9.645390,136,^,0.087397,0.232232,0.946938,0.948346,0.122469,2.204536932695e-08,4.393003076082e-08,,
9.716312,137,^,0.098927,0.252716,0.948104,0.949451,0.120361,2.375942058620e-08,4.365248153439e-08,,
9.787234,138,^,0.111473,0.272628,0.949272,0.950558,0.118238,2.548996959082e-08,4.337493230795e-08,,
9.858156,139,^,0.125008,0.291916,0.950441,0.951669,0.116098,2.720631536879e-08,4.307435146882e-08,,
9.929078,140,^,0.139500,0.310533,0.951611,0.952782,0.113942,2.888008528407e-08,4.282712084929e-08,,
10.000000,141,^,0.154916,0.328430,0.952783,0.953898,0.111768,3.048608457715e-08,4.134937120359e-08,,
10.070922,142,^,0.171221,0.345562,0.953957,0.955017,0.109576,3.200300675524e-08,4.105156636060e-08,,
10.141844,143,^,0.188377,0.361884,0.955132,0.956138,0.107367,3.341397827047e-08,4.033971852439e-08,,
10.212766,144,^,0.206343,0.377355,0.956308,0.957263,0.105139,3.470691743999e-08,3.950713261137e-08,,
10.283688,145,^,0.225077,0.391934,0.957486,0.958390,0.102892,3.587469490491e-08,3.962284284262e-08,,
10.354610,146,^,0.244535,0.405582,0.958665,0.959519,0.100626,3.691509081214e-08,4.008438322258e-08,,
10.425532,147,^,0.264670,0.418265,0.959846,0.960652,0.098339,3.783055202513e-08,3.960175858360e-08,,
10.496454,148,^,0.285435,0.429948,0.961028,0.961787,0.096032,3.862776070758e-08,3.974009554594e-08,,
10.567376,149,^,0.306780,0.440600,0.962211,0.962925,0.093704,3.931703325705e-08,3.929202376647e-08,,
10.638298,150,^,0.328653,0.450193,0.963396,0.964066,0.091354,3.991157548810e-08,3.719334491843e-08,,
10.709220,151,^,0.351003,0.458699,0.964583,0.965210,0.088982,4.042662589470e-08,3.767338704509e-08,,
10.780142,152,^,0.373776,0.466096,0.965771,0.966357,0.086586,4.087852351572e-08,3.773975456842e-08,,
10.851064,153,^,0.396915,0.472363,0.966960,0.967506,0.084167,4.128374018692e-08,3.694892048601e-08,,
10.921986,154,^,0.420366,0.477480,0.968151,0.968658,0.081722,4.165791864589e-08,3.575674044789e-08,,
10.992908,155,^,0.444071,0.481434,0.969344,0.969813,0.079252,4.201495798135e-08,3.567837502311e-08,,
11.063830,156,^,0.467972,0.484211,0.970537,0.970971,0.076756,4.236618626851e-08,3.560000959833e-08,,
11.134752,157,^,0.492010,0.485801,0.971733,0.972132,0.074231,4.271965695792e-08,3.561267726925e-08,,
11.205674,158,^,0.516128,0.486197,0.972929,0.973296,0.071678,4.307960080116e-08,3.815925836322e-08,,
11.276596,159,^,0.540266,0.485397,0.974128,0.974462,0.069095,4.344605897932e-08,3.949149477780e-08,,
11.347518,160,^,0.564363,0.483398,0.975327,0.975632,0.066481,4.381471587906e-08,4.072093642012e-08,,
11.418440,161,^,0.588362,0.480202,0.976529,0.976804,0.063833,4.417694191480e-08,4.166498094965e-08,,
11.489362,162,^,0.612202,0.475815,0.977731,0.977979,0.061152,4.452004823467e-08,4.449109641691e-08,,
11.560284,163,^,0.635824,0.470245,0.978935,0.979157,0.058434,4.482774641038e-08,4.477950259036e-08,,
11.631206,164,^,0.659169,0.463502,0.980141,0.980338,0.055677,4.508079764243e-08,4.759134145566e-08,,
11.702128,165,^,0.682180,0.455600,0.981348,0.981522,0.052881,4.525782795661e-08,4.790069031203e-08,,
11.773050,166,^,0.704798,0.446556,0.982557,0.982709,0.050041,4.533627865241e-08,4.795109052756e-08,,
11.843972,167,^,0.726968,0.436388,0.983767,0.983899,0.047156,4.529345518578e-08,5.000952037068e-08,,
11.914894,168,^,0.748632,0.425121,0.984978,0.985091,0.044221,4.510763298364e-08,5.206795021380e-08,,
11.985816,169,^,0.769738,0.412777,0.986191,0.986287,0.041233,4.475917559823e-08,5.235199678445e-08,,
12.056738,170,^,0.790230,0.399386,0.987406,0.987485,0.038188,4.423161925799e-08,5.384941017032e-08,,
12.127660,171,^,0.810058,0.384977,0.988622,0.988687,0.035080,4.351267833399e-08,5.474362283181e-08,,
12.198582,172,^,0.829170,0.369584,0.989840,0.989891,0.031903,4.259512851915e-08,5.601218236926e-08,,
12.269504,173,^,0.847518,0.353243,0.991059,0.991099,0.028648,4.147752854634e-08,5.681144048024e-08,,
12.340426,174,^,0.865055,0.335990,0.992279,0.992309,0.025305,4.016474691095e-08,5.792168829029e-08,,
12.411348,175,^,0.881736,0.317867,0.993501,0.993522,0.021861,3.866826711302e-08,5.681144048024e-08,,
12.482270,176,^,0.897516,0.298915,0.994725,0.994739,0.018296,3.700625313114e-08,5.551187480493e-08,,
12.553191,177,^,0.912356,0.279180,0.995950,0.995958,0.014582,3.520336587758e-08,5.510651764679e-08,,
12.624113,178,^,0.926216,0.258709,0.997177,0.997181,0.010676,3.329033091579e-08,5.397335087702e-08,,
12.695035,179,^,0.939060,0.237549,0.998405,0.998406,0.006488,3.130326737813e-08,5.332184222900e-08,,
12.765957,180,^,0.950853,0.215752,0.999634,0.999634,0.001757,2.928279742782e-08,5.267033358097e-08,,
12.836879,181,^,0.961564,0.193369,1.000865,1.000866,-0.000433,2.727296439015e-08,5.137554379690e-08,,
12.907801,182,^,0.971164,0.170454,1.002098,1.002100,-0.001050,2.531999548547e-08,5.137623950807e-08,,
12.978723,183,^,0.979626,0.147063,1.003332,1.003338,-0.001667,2.347095161099e-08,5.125402458056e-08,,
13.049645,184,^,0.986927,0.123252,1.004568,1.004578,-0.002287,2.177231157271e-08,5.094249178779e-08,,
13.120567,185,^,0.993046,0.099078,1.005805,1.005822,-0.002907,2.026854135013e-08,5.125402458056e-08,,
13.191489,186,^,0.997965,0.074601,1.007044,1.007069,-0.003528,1.900070024244e-08,5.260233670235e-08,,
13.262411,187,^,1.000000,0.049796,1.004947,1.004959,-0.002477,1.819561111787e-08,5.303869999836e-08,,
13.333333,188,^,1.000000,0.024912,1.001240,1.001241,-0.000620,1.782385903208e-08,5.384941017032e-08,,
13.404255,189,^,1.000000,0.000089,1.000000,1.000000,-0.000000,1.762139086654e-08,5.377673002262e-08,,
13.475177,190,^,1.000000,0.024733,1.001223,1.001223,-0.000612,1.795468683410e-08,5.370404987492e-08,,
13.546099,191,^,0.998772,0.049556,1.002456,1.002459,-0.001229,1.824718930114e-08,5.322004128488e-08,,
13.617021,192,^,0.996312,0.074318,1.003690,1.003697,-0.001847,1.887114234311e-08,5.273603269484e-08,,
13.687943,193,^,0.992622,0.098957,1.004927,1.004939,-0.002466,1.981740243964e-08,5.403945475646e-08,,
13.758865,194,^,0.987710,0.123414,1.006164,1.006183,-0.003087,2.106900554611e-08,5.334305737444e-08,,
13.829787,195,^,0.981583,0.147626,1.007403,1.007431,-0.003709,2.260173023292e-08,5.268603802497e-08,,
13.900709,196,^,0.974254,0.171535,1.008644,1.008681,-0.004331,2.438490307589e-08,5.166926960361e-08,,
13.971631,197,^,0.965738,0.195079,1.009886,1.009935,-0.004955,2.638241703419e-08,5.021680696209e-08,,
14.042553,198,^,0.956053,0.218201,1.011130,1.011192,-0.005580,2.855392535765e-08,5.016699872692e-08,,
14.113475,199,^,0.945220,0.240842,1.012375,1.012452,-0.006207,3.085616676792e-08,5.016600228823e-08,,
14.184397,200,^,0.933264,0.262945,1.013622,1.013715,-0.006834,3.324437253486e-08,5.100118712257e-08,,
14.255319,201,^,0.920210,0.284455,1.014870,1.014981,-0.007463,3.567370283511e-08,4.987910010249e-08,,
14.326241,202,^,0.906088,0.305316,1.016120,1.016250,-0.008093,3.810065857411e-08,5.136093619447e-08,,
14.397163,203,^,0.890930,0.325476,1.017372,1.017523,-0.008723,4.048441573996e-08,5.185773814906e-08,,
14.468085,204,^,0.874772,0.344884,1.018625,1.018798,-0.009356,4.278803231711e-08,5.235454010365e-08,,
14.539007,205,^,0.857650,0.363490,1.019879,1.020077,-0.009989,4.497948272005e-08,5.288600004436e-08,,
14.609929,206,^,0.839604,0.381246,1.021135,1.021359,-0.010623,4.703248143184e-08,5.341745998507e-08,,
14.680851,207,^,0.820677,0.398105,1.022393,1.022644,-0.011259,4.892706579817e-08,5.377673002262e-08,,
14.751773,208,^,0.800913,0.414026,1.023652,1.023932,-0.011896,5.064991741918e-08,5.413600006017e-08,,
14.822695,209,^,0.780359,0.428965,1.024913,1.025223,-0.012534,5.219441193433e-08,5.486514204815e-08,,
14.893617,210,^,0.759062,0.442883,1.026175,1.026518,-0.013173,5.356039780487e-08,5.601218236926e-08,,
14.964539,211,^,0.737075,0.455744,1.027439,1.027815,-0.013813,5.475371554177e-08,5.681144048024e-08,,
15.035461,212,^,0.714450,0.467514,1.028704,1.029116,-0.014455,5.578547927246e-08,5.792168829029e-08,,
15.106383,213,^,0.691240,0.478160,1.029971,1.030420,-0.015097,5.667115217186e-08,5.815964216785e-08,,
15.177305,214,^,0.667501,0.487655,1.031240,1.031728,-0.015741,5.742945571060e-08,5.839759604540e-08,,
15.248227,215,^,0.643292,0.495970,1.032510,1.033038,-0.016386,5.808115955276e-08,5.902356306443e-08,,
15.319149,216,^,0.618669,0.503084,1.033781,1.034352,-0.017032,5.864780397952e-08,5.964953008347e-08,,
15.390071,217,^,0.593693,0.508975,1.035054,1.035669,-0.017680,5.915040970650e-08,6.014021839317e-08,,
15.460993,218,^,0.568425,0.513627,1.036329,1.036989,-0.018329,5.960823076549e-08,5.998999297688e-08,,
15.531915,219,^,0.542926,0.517024,1.037606,1.038313,-0.018978,6.003760468272e-08,6.031358792896e-08,,
15.602837,220,^,0.517258,0.519155,1.038883,1.039639,-0.019629,6.045095054348e-08,6.126230039122e-08,,
15.673759,221,^,0.491484,0.520012,1.040163,1.040969,-0.020282,6.085595981104e-08,6.149591125624e-08,,
15.744681,222,^,0.465668,0.519589,1.041444,1.042303,-0.020935,6.125501717513e-08,6.260544900976e-08,,
15.815603,223,^,0.439873,0.517885,1.042727,1.043639,-0.021590,6.164487952623e-08,6.271156126985e-08,,
15.886525,224,^,0.414162,0.514899,1.044011,1.044979,-0.022246,6.201663073796e-08,6.285767602567e-08,,
15.957447,225,^,0.388600,0.510638,1.045296,1.046322,-0.022903,6.235591869339e-08,6.322722401744e-08,,
16.028369,226,^,0.363249,0.505108,1.046584,1.047669,-0.023561,6.264346935351e-08,6.331018211936e-08,,
16.099291,227,^,0.338173,0.498318,1.047873,1.049019,-0.024221,6.285586109730e-08,6.383409664675e-08,,
16.170213,228,^,0.313433,0.490284,1.049163,1.050372,-0.024881,6.296653152633e-08,6.436093501513e-08,,
16.241135,229,^,0.289093,0.481022,1.050455,1.051728,-0.025543,6.294697886859e-08,6.490521465312e-08,,
16.312057,230,^,0.265213,0.470552,1.051749,1.053088,-0.026206,6.276811144924e-08,6.554027968696e-08,,
16.382979,231,^,0.241852,0.458896,1.053044,1.054451,-0.026871,6.240169178182e-08,6.587448667592e-08,,
16.453901,232,^,0.219070,0.446080,1.054341,1.055818,-0.027537,6.182181696869e-08,6.599569525418e-08,,
16.524823,233,^,0.196924,0.432133,1.055640,1.057188,-0.028203,6.100637450245e-08,6.664572626654e-08,,
16.595745,234,^,0.175471,0.417087,1.056940,1.058561,-0.028871,5.993841236156e-08,6.652484483021e-08,,
16.666667,235,^,0.154764,0.400975,1.058242,1.059938,-0.029541,5.860736453137e-08,6.666960186941e-08,,
16.737589,236,^,0.134858,0.383836,1.059545,1.061318,-0.030211,5.701007769727e-08,6.681435890860e-08,,
16.808511,237,^,0.115802,0.365708,1.060850,1.062701,-0.030883,5.515159169695e-08,6.694141774156e-08,,
16.879433,238,^,0.097646,0.346634,1.062156,1.064088,-0.031556,5.304563514117e-08,6.706847657453e-08,,
16.950355,239,^,0.080437,0.326659,1.063465,1.065478,-0.032230,5.071480809282e-08,6.786339795952e-08,,
17.021277,240,^,0.064220,0.305830,1.064774,1.066872,-0.032906,4.819043544029e-08,6.865831934451e-08,,
17.092199,241,^,0.049037,0.284196,1.066086,1.068269,-0.033583,4.551208716569e-08,6.835510029045e-08,,
17.163121,242,^,0.034928,0.261807,1.067399,1.069670,-0.034261,4.272677460736e-08,6.765216510841e-08,,
17.234043,243,^,0.021931,0.238719,1.068713,1.071074,-0.034940,3.988784454623e-08,6.749359481359e-08,,
17.304965,244,^,0.010079,0.214985,1.070029,1.072481,-0.035621,3.705360500552e-08,6.731571177453e-08,,
17.375887,245,^,0.000000,0.190549,1.070157,1.072618,-0.035687,3.431286234312e-08,6.689875529876e-08,,
17.446809,246,^,0.000000,0.164174,1.052526,1.053906,-0.026605,3.269702899298e-08,6.608208269500e-08,,
17.517730,247,^,0.000000,0.138224,1.037509,1.038212,-0.018929,3.124211872777e-08,6.570891939580e-08,,
17.588652,248,^,0.000000,0.112629,1.025057,1.025370,-0.012606,2.997060191095e-08,6.511696270559e-08,,
17.659574,249,^,0.000000,0.087318,1.015134,1.015249,-0.007596,2.889840295974e-08,6.460954486133e-08,,
17.730496,250,^,0.000000,0.062225,1.007714,1.007744,-0.003865,2.803572052682e-08,6.376567368319e-08,,
17.801418,251,^,0.000000,0.037288,1.002777,1.002781,-0.001389,2.769961058454e-08,6.402330912394e-08,,
17.872340,252,^,0.000000,0.012442,1.000310,1.000310,-0.000155,2.769733715929e-08,6.434261311271e-08,,
17.943262,253,^,0.000000,0.012373,1.000306,1.000306,-0.000153,2.699193377235e-08,6.462571331388e-08,,
18.014184,254,^,0.000614,0.037196,1.001538,1.001539,-0.000769,2.710807103819e-08,6.490881351504e-08,,
18.085106,255,^,0.002461,0.061988,1.002772,1.002775,-0.001387,2.762508187427e-08,6.457837491915e-08,,
18.156028,256,^,0.005538,0.086689,1.004007,1.004015,-0.002005,2.854456412335e-08,6.422467074533e-08,,
18.226950,257,^,0.009842,0.111236,1.005243,1.005257,-0.002625,2.984605894657e-08,6.380187319299e-08,,
18.297872,258,^,0.015364,0.135570,1.006481,1.006502,-0.003246,3.150026534067e-08,6.337907564065e-08,,
18.368794,259,^,0.022095,0.159630,1.007721,1.007750,-0.003868,3.346991247234e-08,6.283786330573e-08,,
18.439716,260,^,0.030020,0.183356,1.008962,1.009002,-0.004491,3.571089247430e-08,6.217591289400e-08,,
18.510638,261,^,0.039123,0.206689,1.010204,1.010256,-0.005115,3.817361382445e-08,6.141561640188e-08,,
18.581560,262,^,0.049384,0.229569,1.011448,1.011514,-0.005741,4.080452693833e-08,6.077527079622e-08,,
18.652482,263,^,0.060781,0.251940,1.012694,1.012775,-0.006367,4.354776691263e-08,6.176739512165e-08,,
18.723404,264,^,0.073288,0.273745,1.013941,1.014039,-0.006995,4.634685374143e-08,6.217908307964e-08,,
18.794326,265,^,0.086879,0.294929,1.015190,1.015305,-0.007624,4.914638798239e-08,6.246845683934e-08,,
18.865248,266,^,0.101520,0.315439,1.016440,1.016576,-0.008254,5.189367988917e-08,6.254658234740e-08,,
18.936170,267,^,0.117181,0.335222,1.017692,1.017849,-0.008885,5.454025246371e-08,6.284204215563e-08,,
19.007092,268,^,0.133823,0.354227,1.018946,1.019125,-0.009518,5.704316364302e-08,6.295729964610e-08,,
19.078014,269,^,0.151408,0.372406,1.020200,1.020405,-0.010151,5.936609974935e-08,6.256696413224e-08,,
19.148936,270,^,0.169897,0.389712,1.021457,1.021687,-0.010786,6.148020114595e-08,6.232206721925e-08,,
19.219858,271,^,0.189244,0.406100,1.022715,1.022973,-0.011422,6.336459142098e-08,6.310270042265e-08,,
19.290780,272,^,0.209405,0.421528,1.023974,1.024262,-0.012059,6.500659297296e-08,6.368130741275e-08,,
19.361702,273,^,0.230332,0.435954,1.025236,1.025554,-0.012697,6.640162414721e-08,6.420207495712e-08,,
19.432624,274,^,0.251975,0.449342,1.026498,1.026849,-0.013337,6.755278559476e-08,6.461824195025e-08,,
19.503546,275,^,0.274283,0.461655,1.027762,1.028148,-0.013977,6.847015580222e-08,6.475607199814e-08,,
19.574468,276,^,0.297202,0.472861,1.029028,1.029450,-0.014619,6.916982728572e-08,6.489390204604e-08,,
19.645390,277,^,0.320677,0.482929,1.030296,1.030754,-0.015262,6.967272529307e-08,6.450719875705e-08,,
19.716312,278,^,0.344653,0.491832,1.031564,1.032063,-0.015906,7.000325959612e-08,6.506729282049e-08,,
19.787234,279,^,0.369070,0.499544,1.032835,1.033374,-0.016551,7.018786672287e-08,6.530804565635e-08,,
19.858156,280,^,0.393870,0.506044,1.034107,1.034689,-0.017198,7.025350449074e-08,6.546720277843e-08,,
19.929078,281,^,0.418993,0.511313,1.035380,1.036006,-0.017846,7.022616276331e-08,6.639472376356e-08,,
20.000000,282,^,0.444377,0.515335,1.036656,1.037327,-0.018495,7.012945385979e-08,6.671128320787e-08,,
20.070922,283,^,0.469961,0.518096,1.037932,1.038652,-0.019145,6.998334299958e-08,6.665799684014e-08,,
20.141844,284,^,0.495682,0.519587,1.039211,1.039979,-0.019796,6.980307366184e-08,6.660471047240e-08,,
20.212766,285,^,0.521477,0.519802,1.040490,1.041310,-0.020449,6.959833498223e-08,6.742404272316e-08,,
20.283688,286,^,0.547283,0.518735,1.041772,1.042644,-0.021103,6.937270858364e-08,6.812566874738e-08,,
20.354610,287,^,0.573036,0.516388,1.043055,1.043982,-0.021758,6.912342091669e-08,6.824321598588e-08,,
20.425532,288,^,0.598672,0.512762,1.044340,1.045323,-0.022414,6.884141470567e-08,6.853858040023e-08,,
20.496454,289,^,0.624128,0.507864,1.045626,1.046667,-0.023071,6.851173994423e-08,6.896059807655e-08,,
20.567376,290,^,0.649341,0.501701,1.046913,1.048014,-0.023730,6.811425158147e-08,6.908882438018e-08,,
20.638298,291,^,0.674248,0.494287,1.048203,1.049365,-0.024390,6.762458811403e-08,6.916631051302e-08,,
20.709220,292,^,0.698788,0.485637,1.049494,1.050719,-0.025051,6.701539327283e-08,6.922449896754e-08,,
20.780142,293,^,0.722897,0.475768,1.050786,1.052076,-0.025713,6.625773235584e-08,6.962151944202e-08,,
20.851064,294,^,0.746517,0.464702,1.052080,1.053437,-0.026376,6.532264595003e-08,6.985000618659e-08,,
20.921986,295,^,0.769587,0.452463,1.053376,1.054801,-0.027041,6.418277717856e-08,6.991362564977e-08,,
20.992908,296,^,0.792050,0.439080,1.054673,1.056168,-0.027707,6.281400449291e-08,6.982632906779e-08,,
21.063830,297,^,0.813848,0.424581,1.055972,1.057539,-0.028374,6.119701059609e-08,6.854088306816e-08,,
21.134752,298,^,0.834927,0.409000,1.057273,1.058913,-0.029043,5.931871942127e-08,6.968370414099e-08,,
21.205674,299,^,0.855232,0.392372,1.058575,1.060290,-0.029712,5.717353718027e-08,7.094382926541e-08,,
21.276596,300,^,0.874711,0.374736,1.059879,1.061671,-0.030383,5.476434020841e-08,7.204803472219e-08,,
21.347518,301,^,0.893315,0.356134,1.061184,1.063056,-0.031055,5.210316143120e-08,7.300071233665e-08,,
21.418440,302,^,0.910995,0.336607,1.062491,1.064443,-0.031729,4.921153843311e-08,7.502672534775e-08,,
21.489362,303,^,0.927706,0.316203,1.063799,1.065835,-0.032403,4.612049890153e-08,7.412161934622e-08,,
21.560284,304,^,0.943404,0.294970,1.065110,1.067229,-0.033079,4.287017316406e-08,7.321651334469e-08,,
21.631206,305,^,0.958048,0.272957,1.066421,1.068627,-0.033756,3.950903809700e-08,7.246267533664e-08,,
21.702128,306,^,0.971599,0.250217,1.067735,1.070029,-0.034435,3.609281129013e-08,7.170883732860e-08,,
21.773050,307,^,0.984021,0.226804,1.069050,1.071434,-0.035114,3.268302843106e-08,7.152041275154e-08,,
21.843972,308,^,0.995281,0.202775,1.070366,1.072842,-0.035795,2.934534986139e-08,7.133198817448e-08,,
21.914894,309,^,1.000000,0.177238,1.060968,1.062827,-0.030944,2.677392314017e-08,6.974233287745e-08,,
21.985816,310,^,1.000000,0.151086,1.044657,1.045654,-0.022576,2.676002784981e-08,6.850996642935e-08,,
22.056738,311,^,1.000000,0.125324,1.030934,1.031412,-0.015586,2.674862769217e-08,6.709747677604e-08,,
22.127660,312,^,1.000000,0.099879,1.019757,1.019952,-0.009927,2.673950145304e-08,6.568498712274e-08,,
22.198582,313,^,1.000000,0.074686,1.011095,1.011156,-0.005563,2.673247675708e-08,6.548576410495e-08,,
22.269504,314,^,1.000000,0.049679,1.004924,1.004936,-0.002465,2.672742381571e-08,6.588356305591e-08,,
22.340426,315,^,1.000000,0.024796,1.001229,1.001230,-0.000615,2.672425084294e-08,6.751771425216e-08,,
22.411348,316,^,1.000000,0.000027,1.000000,1.000000,-0.000000,2.671974024476e-08,6.854726487238e-08,,
22.482270,317,^,0.999999,0.024850,1.001232,1.001232,-0.000616,2.762147149646e-08,6.834713725030e-08,,
22.553191,318,^,0.998765,0.049672,1.002465,1.002468,-0.001233,2.794333121321e-08,6.821165966115e-08,,
22.624113,319,^,0.996299,0.074434,1.003699,1.003706,-0.001851,2.868608899041e-08,6.814142481383e-08,,
22.695035,320,^,0.992604,0.099073,1.004935,1.004948,-0.002471,2.983378516020e-08,6.746977553305e-08,,
22.765957,321,^,0.987685,0.123528,1.006173,1.006192,-0.003091,3.136117521251e-08,6.742404272316e-08,,
22.836879,322,^,0.981553,0.147740,1.007412,1.007440,-0.003713,3.323446246644e-08,6.719402524748e-08,,
22.907801,323,^,0.974218,0.171646,1.008653,1.008690,-0.004336,3.541230854995e-08,6.655875579312e-08,,
22.978723,324,^,0.965697,0.195189,1.009895,1.009944,-0.004960,3.784708657975e-08,6.564773605319e-08,,
23.049645,325,^,0.956006,0.218309,1.011139,1.011201,-0.005585,4.048633265948e-08,6.540891787667e-08,,
23.120567,326,^,0.945168,0.240947,1.012384,1.012461,-0.006211,4.327434367667e-08,6.490585192509e-08,,
23.191489,327,^,0.933206,0.263048,1.013631,1.013724,-0.006839,4.615386368927e-08,6.556054163240e-08,,
23.262411,328,^,0.920147,0.284555,1.014879,1.014990,-0.007467,4.906779768851e-08,6.624758903949e-08,,
23.333333,329,^,0.906020,0.305413,1.016129,1.016259,-0.008097,5.196089035989e-08,6.607336894488e-08,,
23.404255,330,^,0.890858,0.325570,1.017381,1.017532,-0.008728,5.478130870336e-08,6.460761779585e-08,,
23.475177,331,^,0.874695,0.344974,1.018634,1.018807,-0.009360,5.748207098554e-08,6.441837245177e-08,,
23.546099,332,^,0.857569,0.363576,1.019888,1.020086,-0.009993,6.002227035923e-08,6.377617327452e-08,,
23.617021,333,^,0.839519,0.381328,1.021144,1.021368,-0.010628,6.236804938429e-08,6.338155826938e-08,,
23.687943,334,^,0.820588,0.398183,1.022402,1.022653,-0.011263,6.449329132531e-08,6.491078281015e-08,,
23.758865,335,^,0.800820,0.414099,1.023661,1.023941,-0.011900,6.638000511841e-08,6.497607048982e-08,,
23.829787,336,^,0.780261,0.429033,1.024922,1.025232,-0.012538,6.801839287020e-08,6.444933683595e-08,,
23.900709,337,^,0.758962,0.442947,1.026184,1.026527,-0.013177,6.940660121014e-08,6.466979594594e-08,,
23.971631,338,^,0.736972,0.455803,1.027448,1.027825,-0.013818,7.055017027791e-08,6.530068045395e-08,,
24.042553,339,^,0.714343,0.467568,1.028713,1.029126,-0.014459,7.146120609617e-08,6.662831142220e-08,,
24.113475,340,^,0.691131,0.478209,1.029980,1.030430,-0.015102,7.215731308136e-08,6.792953974526e-08,,
24.184397,341,^,0.667390,0.487698,1.031249,1.031737,-0.015746,7.266033303741e-08,6.794274106785e-08,,
24.255319,342,^,0.643178,0.496008,1.032519,1.033048,-0.016391,7.299494476960e-08,6.893875697412e-08,,
24.326241,343,^,0.618553,0.503116,1.033790,1.034361,-0.017037,7.318718412548e-08,7.106239509526e-08,,
24.397163,344,^,0.593576,0.509002,1.035064,1.035678,-0.017685,7.326294757522e-08,7.258575090095e-08,,
24.468085,345,^,0.568306,0.513647,1.036338,1.036999,-0.018333,7.324654323518e-08,7.362649416683e-08,,
24.539007,346,^,0.542806,0.517038,1.037615,1.038322,-0.018983,7.315935146432e-08,7.291624725825e-08,,
24.609929,347,^,0.517137,0.519164,1.038893,1.039649,-0.019634,7.301865287266e-08,7.306839866883e-08,,
24.680851,348,^,0.491363,0.520014,1.040172,1.040979,-0.020286,7.283667492451e-08,7.323171781183e-08,,
24.751773,349,^,0.465547,0.519586,1.041453,1.042312,-0.020940,7.261989954192e-08,7.326385002098e-08,,
24.822695,350,^,0.439752,0.517875,1.042736,1.043649,-0.021595,7.236866354683e-08,7.358009347644e-08,,
24.893617,351,^,0.414042,0.514884,1.044020,1.044989,-0.022250,7.207707183023e-08,7.712699658592e-08,,
24.964539,352,^,0.388480,0.510617,1.045306,1.046332,-0.022908,7.173323026800e-08,7.730554240618e-08,,
25.035461,353,^,0.363130,0.505080,1.046593,1.047679,-0.023566,7.131979212103e-08,7.777365900012e-08,,
25.106383,354,^,0.338056,0.498285,1.047882,1.049028,-0.024225,7.081479848997e-08,7.834098292179e-08,,
25.177305,355,^,0.313318,0.490245,1.049173,1.050382,-0.024886,7.019278086972e-08,8.031776095553e-08,,
25.248227,356,^,0.288980,0.480978,1.050465,1.051738,-0.025548,6.942608247357e-08,8.229453898928e-08,,
25.319149,357,^,0.265101,0.470501,1.051758,1.053098,-0.026211,6.848634523930e-08,8.252633643983e-08,,
25.390071,358,^,0.241743,0.458840,1.053054,1.054461,-0.026876,6.734610169733e-08,8.272366521262e-08,,
25.460993,359,^,0.218964,0.446018,1.054351,1.055828,-0.027541,6.598040550588e-08,8.193871901525e-08,,
25.531915,360,^,0.196821,0.432066,1.055649,1.057198,-0.028208,6.436843168277e-08,8.139991336049e-08,,
25.602837,361,^,0.175371,0.417015,1.056949,1.058571,-0.028876,6.249497752787e-08,8.221247052463e-08,,
25.673759,362,^,0.154668,0.400899,1.058251,1.059948,-0.029546,6.035179796995e-08,8.326806612145e-08,,
25.744681,363,^,0.134765,0.383754,1.059554,1.061328,-0.030216,5.793871451005e-08,8.476614014516e-08,,
25.815603,364,^,0.115714,0.365622,1.060859,1.062711,-0.030888,5.526444488819e-08,8.473019560407e-08,,
25.886525,365,^,0.097562,0.346544,1.062166,1.064098,-0.031561,5.234711078567e-08,8.576075870080e-08,,
25.957447,366,^,0.080358,0.326565,1.063474,1.065488,-0.032235,4.921439291505e-08,8.580759725213e-08,,
26.028369,367,^,0.064145,0.305732,1.064784,1.066882,-0.032911,4.590331629054e-08,8.396096201622e-08,,
26.099291,368,^,0.048967,0.284093,1.066095,1.068279,-0.033588,4.245966279813e-08,8.303383350918e-08,,
26.170213,369,^,0.034863,0.261702,1.067408,1.069680,-0.034266,3.893702284215e-08,8.218125252589e-08,,
26.241135,370,^,0.021871,0.238610,1.068723,1.071084,-0.034945,3.539551225871e-08,8.161507159682e-08,,
26.312057,371,^,0.010025,0.214873,1.070039,1.072491,-0.035626,3.190019428517e-08,8.144215115384e-08,,
26.382979,372,^,0.000000,0.190426,1.070069,1.072524,-0.035641,2.855641554868e-08,8.141910044100e-08,,
26.453901,373,^,0.000000,0.164052,1.052451,1.053826,-0.026566,2.774700557509e-08,8.139442269860e-08,,
26.524823,374,^,0.000000,0.138105,1.037445,1.038146,-0.018897,2.773432523725e-08,8.135818978659e-08,,
26.595745,375,^,0.000000,0.112511,1.025005,1.025317,-0.012580,2.772403544403e-08,8.130973698132e-08,,
26.666667,376,^,0.000000,0.087201,1.015094,1.015208,-0.007575,2.771593932551e-08,8.124815779103e-08,,
26.737589,377,^,0.000000,0.062109,1.007686,1.007715,-0.003850,2.770988573423e-08,8.117227144703e-08,,
26.808511,378,^,0.000000,0.037172,1.002760,1.002763,-0.001381,2.770576383935e-08,8.047655367941e-08,,
26.879433,379,^,0.000000,0.012326,1.000304,1.000304,-0.000152,2.770349925533e-08,7.970539809758e-08,,
26.950355,380,^,0.000000,0.012489,1.000312,1.000312,-0.000156,2.700203696834e-08,7.967508850958e-08,,
27.021277,381,^,0.000620,0.037311,1.001544,1.001545,-0.000772,2.710747644681e-08,7.935877007420e-08,,
27.092199,382,^,0.002472,0.062103,1.002777,1.002781,-0.001390,2.762639436717e-08,7.912748196196e-08,,
27.163121,383,^,0.005555,0.086803,1.004012,1.004020,-0.002008,2.854771091159e-08,7.912748196196e-08,,
27.234043,384,^,0.009865,0.111350,1.005249,1.005263,-0.002628,2.985092411785e-08,7.912748196196e-08,,
27.304965,385,^,0.015393,0.135683,1.006487,1.006508,-0.003249,3.150669323489e-08,7.912748196196e-08,,
27.375887,386,^,0.022129,0.159742,1.007726,1.007756,-0.003871,3.347771235762e-08,7.912748196196e-08,,
27.446809,387,^,0.030059,0.183466,1.008968,1.009008,-0.004494,3.571984436086e-08,7.912748196196e-08,,
27.517730,388,^,0.039168,0.206796,1.010210,1.010262,-0.005118,3.818347521038e-08,7.912748196196e-08,,
27.588652,389,^,0.049434,0.229674,1.011454,1.011520,-0.005744,4.081504024518e-08,7.978997168303e-08,,
27.659574,390,^,0.060836,0.252043,1.012700,1.012781,-0.006370,4.355866734186e-08,7.996909197737e-08,,
27.730496,391,^,0.073349,0.273845,1.013947,1.014044,-0.006998,4.635787726611e-08,8.092942557247e-08,,
27.801418,392,^,0.086944,0.295026,1.015196,1.015311,-0.007627,4.915727918266e-08,8.191554832957e-08,,
27.872340,393,^,0.101591,0.315533,1.016446,1.016581,-0.008257,5.190419934550e-08,8.200181728476e-08,,
27.943262,394,^,0.117256,0.335312,1.017698,1.017855,-0.008888,5.455018343833e-08,8.206738214260e-08,,
28.014184,395,^,0.133902,0.354313,1.018951,1.019131,-0.009520,5.705231780727e-08,8.254415208760e-08,,
28.085106,396,^,0.151492,0.372489,1.020206,1.020410,-0.010154,5.937432175109e-08,8.365191885238e-08,,
28.156028,397,^,0.169985,0.389790,1.021463,1.021693,-0.010789,6.148737185606e-08,8.526420715740e-08,,
28.226950,398,^,0.189336,0.406174,1.022721,1.022979,-0.011425,6.337062974936e-08,8.738901002526e-08,,
28.297872,399,^,0.209501,0.421597,1.023980,1.024268,-0.012062,6.501145620034e-08,8.828670996842e-08,,
28.368794,400,^,0.230431,0.436019,1.025241,1.025560,-0.012700,6.640530677711e-08,8.897353672035e-08,,
28.439716,401,^,0.252077,0.449402,1.026504,1.026855,-0.013339,6.755531678835e-08,8.973503291161e-08,,
28.510638,402,^,0.274388,0.461710,1.027768,1.028154,-0.013980,6.847159551492e-08,9.014845746432e-08,,
28.581560,403,^,0.297310,0.472911,1.029034,1.029456,-0.014622,6.917026127600e-08,9.057323219403e-08,,
28.652482,404,^,0.320788,0.482973,1.030301,1.030761,-0.015265,6.967225921887e-08,9.100342786414e-08,,
28.723404,405,^,0.344765,0.491870,1.031570,1.032069,-0.015909,7.000201245127e-08,9.187813331629e-08,,
28.794326,406,^,0.369184,0.499577,1.032841,1.033380,-0.016554,7.018596389258e-08,9.287099620200e-08,,
28.865248,407,^,0.393986,0.506071,1.034113,1.034695,-0.017201,7.025107072109e-08,9.419001938859e-08,,
28.936170,408,^,0.419110,0.511335,1.035386,1.036012,-0.017849,7.022331534386e-08,9.486415278594e-08,,
29.007092,409,^,0.444495,0.515350,1.036662,1.037334,-0.018498,7.012629631051e-08,9.500629377016e-08,,
29.078014,410,^,0.470080,0.518106,1.037938,1.038658,-0.019148,6.997995953347e-08,9.512846553200e-08,,
29.148936,411,^,0.495802,0.519591,1.039217,1.039986,-0.019799,6.979952466411e-08,9.592931243129e-08,,
29.219858,412,^,0.521597,0.519800,1.040496,1.041316,-0.020452,6.959465370593e-08,9.774719009755e-08,,
29.290780,413,^,0.547403,0.518728,1.041778,1.042651,-0.021106,6.936889921261e-08,9.894821433916e-08,,
29.361702,414,^,0.573155,0.516374,1.043061,1.043988,-0.021761,6.911945809103e-08,9.987992643412e-08,,
29.432624,415,^,0.598791,0.512742,1.044346,1.045329,-0.022417,6.883724454479e-08,1.006106157982e-07,,
29.503546,416,^,0.624246,0.507838,1.045632,1.046673,-0.023074,6.850728254037e-08,1.003549599877e-07,,
29.574468,417,^,0.649458,0.501670,1.046919,1.048020,-0.023733,6.810940487531e-08,9.997507275559e-08,,
29.645390,418,^,0.674363,0.494250,1.048209,1.049371,-0.024393,6.761923300475e-08,9.930095220865e-08,,
29.716312,419,^,0.698901,0.485593,1.049500,1.050725,-0.025054,6.700939976211e-08,9.930095220865e-08,,
29.787234,420,^,0.723008,0.475719,1.050792,1.052082,-0.025716,6.625096647896e-08,9.981956371597e-08,,
29.858156,421,^,0.746625,0.464648,1.052086,1.053443,-0.026379,6.531497721092e-08,1.003489466195e-07,,
29.929078,422,^,0.769693,0.452404,1.053382,1.054807,-0.027044,6.417408618004e-08,1.005581847956e-07,,
30.000000,423,^,0.792153,0.439015,1.054680,1.056174,-0.027710,6.280419043995e-08,1.012140807353e-07,,
30.070922,424,^,0.813948,0.424511,1.055978,1.057545,-0.028377,6.118599834923e-08,1.004438035604e-07,,
30.141844,425,^,0.835023,0.408925,1.057279,1.058919,-0.029046,5.930646578970e-08,9.934390106794e-08,,
30.212766,426,^,0.855324,0.392292,1.058581,1.060297,-0.029715,5.716003616922e-08,9.798358310303e-08,,
30.283688,427,^,0.874800,0.374652,1.059885,1.061678,-0.030386,5.474962697191e-08,9.837764170699e-08,,
30.354610,428,^,0.893399,0.356045,1.061190,1.063062,-0.031058,5.208731472890e-08,9.801860832766e-08,,
30.425532,429,^,0.911075,0.336515,1.062497,1.064450,-0.031732,4.919468144558e-08,9.606367231440e-08,,
30.496454,430,^,0.927782,0.316107,1.063806,1.065841,-0.032406,4.610279832124e-08,9.536191375677e-08,,
30.567376,431,^,0.943475,0.294869,1.065116,1.067236,-0.033082,4.285183654594e-08,9.491643827986e-08,,
30.638298,432,^,0.958114,0.272853,1.066428,1.068634,-0.033759,3.949030952119e-08,9.451893783523e-08,,
30.709220,433,^,0.971660,0.250109,1.067741,1.070035,-0.034438,3.607396545660e-08,9.413815340450e-08,,
30.780142,434,^,0.984077,0.226694,1.069056,1.071440,-0.035117,3.266436336993e-08,9.400083413920e-08,,
30.851064,435,^,0.995331,0.202662,1.070373,1.072849,-0.035798,2.932717849987e-08,9.400083413920e-08,,
30.921986,436,^,1.000000,0.177116,1.060886,1.062740,-0.030902,2.677421725585e-08,9.400083413920e-08,,
30.992908,437,^,1.000000,0.150966,1.044587,1.045581,-0.022540,2.676033393242e-08,9.400083413920e-08,,
31.063830,438,^,1.000000,0.125204,1.030876,1.031352,-0.015556,2.674894463020e-08,9.400083413920e-08,,
31.134752,439,^,1.000000,0.099762,1.019711,1.019905,-0.009904,2.673982837573e-08,9.400083413920e-08,,
31.205674,440,^,1.000000,0.074570,1.011060,1.011121,-0.005545,2.673281300178e-08,9.400083413920e-08,,
31.276596,441,^,1.000000,0.049563,1.004901,1.004913,-0.002454,2.672776890374e-08,9.400083413920e-08,,
31.347518,442,^,1.000000,0.024680,1.001217,1.001218,-0.000609,2.672460446233e-08,9.413815340450e-08,,
31.418440,443,^,1.000000,0.000142,1.000000,1.000000,-0.000000,2.670669147208e-08,9.451893783523e-08,,
31.489362,444,^,0.999993,0.024965,1.001232,1.001232,-0.000616,2.760799447020e-08,9.491643827986e-08,,
31.560284,445,^,0.998754,0.049788,1.002465,1.002468,-0.001233,2.793165170689e-08,9.536191375677e-08,,
31.631206,446,^,0.996282,0.074548,1.003699,1.003706,-0.001851,2.867592677749e-08,9.606367231440e-08,,
31.702128,447,^,0.992581,0.099186,1.004935,1.004948,-0.002471,2.982481872065e-08,9.654583557373e-08,,
31.773050,448,^,0.987657,0.123641,1.006173,1.006192,-0.003091,3.135304675413e-08,9.654583557373e-08,,
31.843972,449,^,0.981518,0.147851,1.007412,1.007440,-0.003713,3.322678425705e-08,9.654583557373e-08,,
31.914894,450,^,0.974178,0.171756,1.008653,1.008690,-0.004336,3.540467039611e-08,9.654583557373e-08,,
31.985816,451,^,0.965651,0.195297,1.009895,1.009944,-0.004960,3.783906424217e-08,9.654583557373e-08,,
32.056738,452,^,0.955956,0.218414,1.011139,1.011201,-0.005585,4.047749695677e-08,9.654583557373e-08,,
32.127660,453,^,0.945113,0.241050,1.012384,1.012461,-0.006211,4.326426999950e-08,9.654583557373e-08,,
32.198582,454,^,0.933146,0.263148,1.013631,1.013724,-0.006839,4.614214162718e-08,9.654583557373e-08,,
32.269504,455,^,0.920082,0.284652,1.014879,1.014990,-0.007467,4.905404046261e-08,9.559181554341e-08,,
32.340426,456,^,0.905950,0.305507,1.016129,1.016259,-0.008097,5.194474375714e-08,9.521233744327e-08,,
32.411348,457,^,0.890783,0.325660,1.017381,1.017532,-0.008728,5.476245922164e-08,9.533943214772e-08,,
32.482270,458,^,0.874615,0.345061,1.018634,1.018807,-0.009360,5.746025292348e-08,9.533943214772e-08,,
32.553191,459,^,0.857485,0.363659,1.019888,1.020086,-0.009993,5.999727161931e-08,9.533943214772e-08,,
32.624113,460,^,0.839431,0.381406,1.021144,1.021368,-0.010628,6.233971580149e-08,9.547450249125e-08,,
32.695035,461,^,0.820496,0.398257,1.022402,1.022653,-0.011263,6.446152938421e-08,9.561938288083e-08,,
32.765957,462,^,0.800724,0.414169,1.023661,1.023941,-0.011900,6.634478297810e-08,9.583492546560e-08,,
32.836879,463,^,0.780162,0.429098,1.024922,1.025232,-0.012538,6.797973967578e-08,9.626458486161e-08,,
32.907801,464,^,0.758860,0.443007,1.026184,1.026527,-0.013177,6.936460473020e-08,9.870688428237e-08,,
32.978723,465,^,0.736866,0.455858,1.027448,1.027825,-0.013818,7.050497296671e-08,9.614994908165e-08,,
33.049645,466,^,0.714235,0.467617,1.028713,1.029126,-0.014459,7.141299973492e-08,9.585177431587e-08,,
33.120567,467,^,0.691020,0.478253,1.029980,1.030430,-0.015102,7.210633220305e-08,9.689565152803e-08,,
33.191489,468,^,0.667277,0.487736,1.031249,1.031737,-0.015746,7.260684738194e-08,9.712414606242e-08,,
33.262411,469,^,0.643063,0.496041,1.032519,1.033048,-0.016391,7.293925104889e-08,9.718322766184e-08,,
33.333333,470,^,0.618437,0.503143,1.033790,1.034361,-0.017037,7.312959740065e-08,9.785241076089e-08,,
33.404255,471,^,0.593458,0.509023,1.035064,1.035678,-0.017685,7.320379255854e-08,9.825525946217e-08,,
33.475177,472,^,0.568188,0.513663,1.036338,1.036999,-0.018333,7.318614582820e-08,9.808816924246e-08,,
33.546099,473,^,0.542687,0.517048,1.037615,1.038322,-0.018983,7.309803083024e-08,9.743250529381e-08,,
33.617021,474,^,0.517018,0.519167,1.038893,1.039649,-0.019634,7.295671431609e-08,9.770438660958e-08,,
33.687943,475,^,0.491243,0.520012,1.040172,1.040979,-0.020286,7.277440381623e-08,9.520217284702e-08,,
33.758865,476,^,0.465427,0.519578,1.041453,1.042312,-0.020940,7.255755648145e-08,9.219610624538e-08,,
33.829787,477,^,0.439632,0.517861,1.042736,1.043649,-0.021595,7.230648090334e-08,9.030766435836e-08,,
33.900709,478,^,0.413923,0.514864,1.044020,1.044989,-0.022250,7.201525174458e-08,8.991235737257e-08,,
33.971631,479,^,0.388362,0.510591,1.045306,1.046332,-0.022908,7.167194413757e-08,8.935325001792e-08,,
34.042553,480,&,0.388362,0.510912,1.045933,1.046988,-0.023228,6.805498671031e-08,8.913147730801e-08,,
34.113475,481,&,0.388362,0.511233,1.046560,1.047644,-0.023549,6.456967022880e-08,8.899857377431e-08,,
34.184397,482,&,0.388362,0.511554,1.047188,1.048302,-0.023870,6.121916050461e-08,8.842526780318e-08,,
34.255319,483,&,0.388362,0.511876,1.047816,1.048960,-0.024192,5.800526384506e-08,8.691296911071e-08,,
34.326241,484,&,0.388362,0.512198,1.048445,1.049619,-0.024514,5.492844009490e-08,8.732496913935e-08,,
34.397163,485,&,0.388362,0.512519,1.049074,1.050278,-0.024836,5.198783007323e-08,8.681925544226e-08,,
34.468085,486,&,0.388362,0.512842,1.049704,1.050939,-0.025158,4.918129705860e-08,8.625796167558e-08,,
34.539007,487,&,0.388362,0.513164,1.050334,1.051600,-0.025481,4.650548183251e-08,8.609784000579e-08,,
34.609929,488,&,0.388362,0.513487,1.050964,1.052263,-0.025804,4.395587065339e-08,8.598473401318e-08,,
34.680851,489,&,0.388362,0.513809,1.051595,1.052926,-0.026127,4.152687540157e-08,8.596042245286e-08,,
34.751773,490,&,0.388362,0.514132,1.052226,1.053590,-0.026451,3.921192501086e-08,8.596042245286e-08,,
34.822695,491,&,0.388362,0.514455,1.052858,1.054255,-0.026775,3.700356718688e-08,8.596042245286e-08,,
34.893617,492,&,0.388362,0.514779,1.053490,1.054920,-0.027099,3.489357930620e-08,8.596042245286e-08,,
34.964539,493,&,0.388362,0.515102,1.054122,1.055587,-0.027424,3.287308729554e-08,8.596042245286e-08,,
35.035461,494,&,0.388362,0.515426,1.054755,1.056254,-0.027749,3.093269120713e-08,8.596042245286e-08,,
35.106383,495,&,0.388362,0.515750,1.055388,1.056922,-0.028074,2.906259613648e-08,8.596042245286e-08,,
35.177305,496,&,0.388362,0.516074,1.056022,1.057591,-0.028400,2.725274707196e-08,8.596042245286e-08,,
35.248227,497,&,0.388362,0.516399,1.056656,1.058261,-0.028725,2.549296622353e-08,8.596042245286e-08,,
35.319149,498,&,0.388362,0.516723,1.057290,1.058932,-0.029052,2.377309135014e-08,8.596042245286e-08,,
35.390071,499,&,0.388362,0.517048,1.057925,1.059603,-0.029378,2.208311359270e-08,8.596042245286e-08,,
35.460993,500,&,0.388362,0.517373,1.058561,1.060275,-0.029705,2.069748285779e-08,8.596042245286e-08,,
35.531915,501,&,0.388362,0.517698,1.059196,1.060949,-0.030032,1.933748229742e-08,8.596042245286e-08,,
35.602837,502,&,0.388362,0.518024,1.059833,1.061623,-0.030359,1.794602809482e-08,8.596042245286e-08,,
35.673759,503,&,0.388362,0.518349,1.060469,1.062298,-0.030687,1.651844225719e-08,8.596042245286e-08,,
35.744681,504,&,0.388362,0.518675,1.061106,1.062973,-0.031015,1.504985339802e-08,8.598473401318e-08,,
35.815603,505,&,0.388362,0.519001,1.061744,1.063650,-0.031344,1.353511934977e-08,8.609784000579e-08,,
35.886525,506,&,0.388362,0.519327,1.062382,1.064327,-0.031672,1.196874809542e-08,8.625796167558e-08,,
35.957447,507,&,0.388362,0.519654,1.063020,1.065006,-0.032001,1.037606944261e-08,8.681925544226e-08,,
36.028369,508,&,0.388362,0.519980,1.063659,1.065685,-0.032331,9.813381465373e-09,8.732496913935e-08,,
36.099291,509,&,0.388362,0.520307,1.064298,1.066365,-0.032660,9.239776866309e-09,8.733887668892e-08,,
36.170213,510,&,0.388362,0.520634,1.064937,1.067046,-0.032990,8.659096907865e-09,8.736252007637e-08,,
36.241135,511,&,0.388362,0.520961,1.065577,1.067727,-0.033320,8.075274148979e-09,8.758429278628e-08,7.050,0.249398
36.312057,512,&,0.388362,0.521289,1.066217,1.068410,-0.033651,7.492269385223e-09,8.890571314101e-08,7.022,0.253392
36.382979,513,&,0.388362,0.521616,1.066858,1.069093,-0.033982,6.914010240756e-09,8.939801280049e-08,7.050,0.229867
36.453901,514,&,0.388362,0.521944,1.067499,1.069778,-0.034313,6.344332117544e-09,8.983635758137e-08,7.022,0.233925
36.524823,515,&,0.388362,0.522272,1.068141,1.070463,-0.034644,5.786922179950e-09,9.027154239718e-08,7.050,0.210484
36.595745,516,&,0.388362,0.522601,1.068783,1.071149,-0.034976,5.245267018341e-09,9.090836974713e-08,7.022,0.214698
36.666667,517,&,0.388362,0.522929,1.069426,1.071836,-0.035308,4.722604594115e-09,9.153649327173e-08,7.050,0.191443
36.737589,518,&,0.388362,0.523258,1.070068,1.072523,-0.035641,4.221881020866e-09,9.505412578864e-08,7.022,0.195906
36.808511,519,&,0.388362,0.523587,1.070712,1.073212,-0.035974,3.745712682825e-09,1.000465916082e-07,7.050,0.172937
36.879433,520,&,0.388362,0.523916,1.071356,1.073901,-0.036307,3.296354132641e-09,1.015289339566e-07,7.022,0.177740
36.950355,521,&,0.388362,0.524245,1.072000,1.074592,-0.036640,2.875672146733e-09,1.024488432049e-07,7.050,0.155155
37.021277,522,&,0.388362,0.524575,1.072644,1.075283,-0.036974,2.485126248308e-09,1.028300519094e-07,7.022,0.160385
37.092199,523,&,0.388362,0.524904,1.073289,1.075975,-0.037308,2.125755936518e-09,1.037584427192e-07,7.050,0.138279
37.163121,524,&,0.388362,0.525234,1.073935,1.076668,-0.037642,1.798174785783e-09,1.044836154773e-07,7.022,0.144020
37.234043,525,&,0.388362,0.525564,1.074581,1.077362,-0.037977,1.502571502720e-09,1.046780000808e-07,7.050,0.122483
37.304965,526,&,0.388362,0.525895,1.075227,1.078056,-0.038312,1.238717950326e-09,1.049442976773e-07,7.022,0.128814
37.375887,527,&,0.388362,0.526225,1.075873,1.078752,-0.038647,1.005984070643e-09,1.083750538824e-07,7.050,0.107931
37.446809,528,&,0.388362,0.526556,1.076521,1.079448,-0.038983,8.033595590836e-10,1.112694704302e-07,7.022,0.114927
37.517730,529,&,0.388362,0.526887,1.077168,1.080146,-0.039319,6.294820665837e-10,1.154986676738e-07,7.050,0.094777
37.588652,530,&,0.388362,0.527218,1.077816,1.080844,-0.039655,4.826716306178e-10,1.156066003153e-07,7.022,0.102505
37.659574,531,&,0.388362,0.527549,1.078465,1.081543,-0.039992,3.609709636581e-10,1.157458927501e-07,7.050,0.083160
37.730496,532,&,0.388362,0.527881,1.079113,1.082243,-0.040329,2.621911586081e-10,1.159062693644e-07,7.022,0.091681
37.801418,533,&,0.388362,0.528213,1.079763,1.082944,-0.040666,1.839623058414e-10,1.159142584562e-07,7.050,0.073206
37.872340,534,&,0.388362,0.528545,1.080412,1.083645,-0.041004,1.237884564201e-10,1.161827029387e-07,7.022,0.082573
37.943262,535,&,0.388362,0.528877,1.081062,1.084348,-0.041342,7.910631149651e-11,1.165083138093e-07,7.050,0.065024
38.014184,536,&,0.388362,0.529210,1.081713,1.085051,-0.041680,4.734696941681e-11,1.178504364200e-07,7.022,0.075283
38.085106,537,&,0.388362,0.529542,1.082364,1.085756,-0.042018,2.600002018941e-11,1.178102826392e-07,7.050,0.058708
38.156028,538,&,0.388362,0.529875,1.083015,1.086461,-0.042357,1.267924222583e-11,1.133227981870e-07,7.022,0.069894
38.226950,539,&,0.388362,0.530208,1.083667,1.087167,-0.042697,5.189129022748e-12,1.142097026342e-07,7.050,0.054331
38.297872,540,&,0.388362,0.530541,1.084319,1.087874,-0.043036,1.591454064244e-12,1.146437307355e-07,7.022,0.066472
38.368794,541,&,0.388362,0.530875,1.084972,1.088582,-0.043376,2.710709456939e-13,1.148555158371e-07,7.050,0.051951
38.439716,542,&,0.388362,0.531208,1.085625,1.089291,-0.043716,1.427356978897e-16,1.151736180467e-07,7.022,0.065062
38.510638,543,&,0.388362,0.531542,1.086278,1.090000,-0.044057,0.000000000000e+00,1.155202460700e-07,7.050,0.051603
38.581560,544,&,0.388362,0.531876,1.086932,1.090711,-0.044397,0.000000000000e+00,1.162037052075e-07,7.022,0.065691
38.652482,545,&,0.388362,0.532211,1.087587,1.091422,-0.044739,0.000000000000e+00,1.168577371040e-07,7.050,0.053304
38.723404,546,&,0.388362,0.532545,1.088242,1.092135,-0.045080,0.000000000000e+00,1.168993870743e-07,7.022,0.068365
38.794326,547,&,0.388362,0.532880,1.088897,1.092848,-0.045422,0.000000000000e+00,1.169410729454e-07,7.050,0.057052
38.865248,548,&,0.388362,0.533215,1.089552,1.093562,-0.045764,0.000000000000e+00,1.169752408521e-07,7.022,0.073070
38.936170,549,&,0.388362,0.533550,1.090208,1.094277,-0.046106,0.000000000000e+00,1.170094413250e-07,7.050,0.062822
39.007092,550,&,0.388362,0.533885,1.090865,1.094993,-0.046449,0.000000000000e+00,1.170367900884e-07,7.022,0.079772
39.078014,551,&,0.388362,0.534221,1.091522,1.095710,-0.046792,0.000000000000e+00,1.170641688058e-07,7.050,0.070571
39.148936,552,&,0.388362,0.534557,1.092179,1.096428,-0.047136,0.000000000000e+00,1.170852149276e-07,7.022,0.088419
39.219858,553,&,0.388362,0.534893,1.092837,1.097146,-0.047480,0.000000000000e+00,1.171062890155e-07,7.050,0.080235
39.290780,554,&,0.388362,0.535229,1.093495,1.097866,-0.047824,0.000000000000e+00,1.171214213096e-07,7.022,0.098937
39.361702,555,&,0.388362,0.535565,1.094154,1.098586,-0.048168,0.000000000000e+00,1.171365801338e-07,7.050,0.091732
39.432624,556,&,0.388362,0.535902,1.094813,1.099308,-0.048513,0.000000000000e+00,1.171460734580e-07,7.022,0.111235
39.503546,557,&,0.388362,0.536239,1.095473,1.100030,-0.048858,0.000000000000e+00,1.171555923763e-07,7.050,0.104961
39.574468,558,&,0.388362,0.536576,1.096133,1.100753,-0.049203,0.000000000000e+00,1.171701850290e-07,7.022,0.125204
39.645390,559,&,0.388362,0.536913,1.096793,1.101477,-0.049549,0.000000000000e+00,1.172228631416e-07,7.050,0.119803
39.716312,560,&,0.388362,0.537251,1.097454,1.102202,-0.049895,0.000000000000e+00,1.178211481014e-07,7.022,0.140715
39.787234,561,&,0.388362,0.537588,1.098115,1.102928,-0.050242,0.000000000000e+00,1.191919696624e-07,7.050,0.136124
39.858156,562,&,0.388362,0.537926,1.098777,1.103655,-0.050588,0.000000000000e+00,1.200239502123e-07,7.022,0.157628
39.929078,563,&,0.388362,0.538264,1.099439,1.104383,-0.050935,0.000000000000e+00,1.203053997097e-07,7.050,0.153772
40.000000,564,&,0.388362,0.538603,1.100101,1.105112,-0.051283,0.000000000000e+00,1.212863543402e-07,7.022,0.175783
40.070922,565,&,0.388362,0.538941,1.100764,1.105841,-0.051631,0.000000000000e+00,1.215569722107e-07,7.050,0.172583
40.141844,566,&,0.388362,0.539280,1.101428,1.106572,-0.051979,0.000000000000e+00,1.217509071046e-07,7.022,0.195012
40.212766,567,&,0.388362,0.539619,1.102092,1.107303,-0.052327,0.000000000000e+00,1.227370276607e-07,7.050,0.192382
40.283688,568,&,0.388362,0.539958,1.102756,1.108035,-0.052676,0.000000000000e+00,1.288432379412e-07,7.022,0.215131
40.354610,569,&,0.388362,0.540297,1.103421,1.108769,-0.053025,0.000000000000e+00,1.358771847872e-07,7.022,0.212995
40.425532,570,&,0.388362,0.540637,1.104086,1.109503,-0.053374,0.000000000000e+00,1.379217657174e-07,7.022,0.235950
40.496454,571,&,0.388362,0.540977,1.104751,1.110238,-0.053724,0.000000000000e+00,1.406282845892e-07,7.022,0.234305
40.567376,572,&,0.388362,0.541317,1.105417,1.110974,-0.054074,0.000000000000e+00,1.430157583941e-07,7.050,0.257354
40.638298,573,&,0.388362,0.541657,1.106084,1.111711,-0.054424,0.000000000000e+00,1.449083559748e-07,7.022,0.256020
40.709220,574,&,0.388362,0.541998,1.106751,1.112449,-0.054775,0.000000000000e+00,1.461398870726e-07,7.050,0.279080
40.780142,575,&,0.388362,0.542338,1.107418,1.113187,-0.055126,0.000000000000e+00,1.482845110186e-07,7.022,0.249290
40.851064,576,&,0.388362,0.542679,1.108086,1.113927,-0.055478,0.000000000000e+00,1.513301947463e-07,7.050,0.257947
40.921986,577,&,0.388362,0.543020,1.108754,1.114668,-0.055829,0.000000000000e+00,1.542702515756e-07,7.022,0.228324
40.992908,578,&,0.388362,0.543362,1.109423,1.115409,-0.056181,0.000000000000e+00,1.552828814408e-07,7.050,0.236938
41.063830,579,&,0.388362,0.543703,1.110092,1.116152,-0.056534,0.000000000000e+00,1.582147651282e-07,7.022,0.207596
41.134752,580,&,0.388362,0.544045,1.110761,1.116895,-0.056887,0.000000000000e+00,1.608095091473e-07,7.050,0.216264
41.205674,581,&,0.388362,0.544387,1.111431,1.117640,-0.057240,0.000000000000e+00,1.617008484057e-07,7.022,0.187316
41.276596,582,&,0.388362,0.544729,1.112102,1.118385,-0.057593,0.000000000000e+00,1.630792589454e-07,7.050,0.196134
41.347518,583,&,0.388362,0.545071,1.112773,1.119131,-0.057947,0.000000000000e+00,1.661646083468e-07,7.022,0.167692
41.418440,584,&,0.388362,0.545414,1.113444,1.119879,-0.058301,0.000000000000e+00,1.685010781215e-07,7.050,0.176754
41.489362,585,&,0.388362,0.545757,1.114116,1.120627,-0.058655,0.000000000000e+00,1.685010781215e-07,7.022,0.148926
41.560284,586,&,0.388362,0.546100,1.114788,1.121376,-0.059010,0.000000000000e+00,1.682486132512e-07,7.050,0.158320
41.631206,587,&,0.388362,0.546443,1.115460,1.122126,-0.059365,0.000000000000e+00,1.708085521541e-07,7.022,0.131214
41.702128,588,&,0.388362,0.546786,1.116133,1.122877,-0.059721,0.000000000000e+00,1.712322085307e-07,7.050,0.141023
41.773050,589,&,0.388362,0.547130,1.116807,1.123629,-0.060077,0.000000000000e+00,1.718074612099e-07,7.022,0.114741
41.843972,590,&,0.388362,0.547474,1.117481,1.124382,-0.060433,0.000000000000e+00,1.734680093961e-07,7.050,0.125042
41.914894,591,&,0.388362,0.547818,1.118155,1.125135,-0.060789,0.000000000000e+00,1.743515978000e-07,7.022,0.099684
41.985816,592,&,0.388362,0.548163,1.118830,1.125890,-0.061146,0.000000000000e+00,1.743515978000e-07,7.050,0.110546
42.056738,593,&,0.388362,0.548507,1.119505,1.126646,-0.061503,0.000000000000e+00,1.756226145062e-07,7.022,0.086204
42.127660,594,&,0.388362,0.548852,1.120181,1.127403,-0.061861,0.000000000000e+00,1.782804241465e-07,7.050,0.097688
42.198582,595,&,0.388362,0.549197,1.120857,1.128160,-0.062219,0.000000000000e+00,1.772048814302e-07,7.022,0.074450
42.269504,596,&,0.388362,0.549542,1.121533,1.128919,-0.062577,0.000000000000e+00,1.785235149219e-07,7.050,0.086606
42.340426,597,&,0.388362,0.549887,1.122211,1.129678,-0.062935,0.000000000000e+00,1.797855608797e-07,7.022,0.064550
42.411348,598,&,0.388362,0.550233,1.122888,1.130439,-0.063294,0.000000000000e+00,1.809571985749e-07,7.050,0.077421
42.482270,599,&,0.388362,0.550579,1.123566,1.131200,-0.063653,0.000000000000e+00,1.822095348485e-07,7.022,0.056616
